"","siteID","plotID","tagID","year","dbh"
"1000","BART","BART_042","3029","2016",13.4
"1096","BART","BART_039","4092","2016",1.4
"3877","HARV","HARV_047","8120","2017",NA
"4375","HARV","HARV_052","2663","2016",12.4
"4646","HARV","HARV_036","10394","2017",1.3
"4749","HARV","HARV_042","8959","2017",NA
"5141","HARV","HARV_043","4993","2016",1.2
"7125","HARV","HARV_045","9492","2016",1.4
"7391","HARV","HARV_049","8051","2016",31.2
"7624","HARV","HARV_044","10412","2017",2.4
"8290","SERC","SERC_054","42","2016",5.5
"9172","SCBI","SCBI_057","3867","2016",33.1
"9173","SCBI","SCBI_057","3868","2016",15.4
"9174","SCBI","SCBI_057","3869","2016",59.4
"9175","SCBI","SCBI_057","3870","2016",11.3
"9606","OSBS","OSBS_028","2511","2016",25.1
"9647","OSBS","OSBS_033","3768","2016",2.5
"9843","OSBS","OSBS_042","656","2016",17.4
"12011","UNDE","UNDE_045","9638","2016",2.1
"12073","UNDE","UNDE_045","1439","2016",18
"13125","UNDE","UNDE_056","3056","2016",13.3
"14501","ORNL","ORNL_061","5167","2016",7.7
"14747","ORNL","ORNL_063","8772","2016",1.3
"15688","GRSM","GRSM_058","715","2016",1.4
"15911","GRSM","GRSM_063","1452","2016",1
"16253","DELA","DELA_051","4089A","2016",22.7
"16720","DELA","DELA_040","4182","2016",16.5
"17353","DELA","DELA_044","4431","2016",NA
"18581","TALL","TALL_046","3180","2016",14.7
"18850","TALL","TALL_045","3076","2016",10.1
"18869","TALL","TALL_045","3064","2016",12.5
"20576","HARV","HARV_034","5151","2015",1.8
"20577","HARV","HARV_034","10867","2015",27.3
"20578","HARV","HARV_034","5391","2015",24.5
"20579","HARV","HARV_034","5401","2015",22.4
"20580","HARV","HARV_034","5413","2015",12
"20581","HARV","HARV_034","5384","2015",29.3
"20582","HARV","HARV_034","5379","2015",32.8
"20583","HARV","HARV_034","5494","2015",14.2
"20584","HARV","HARV_034","5486","2015",21
"20585","HARV","HARV_034","5468","2015",37.8
"20586","HARV","HARV_034","10876","2015",10.6
"20587","HARV","HARV_034","5499","2015",16.6
"20589","HARV","HARV_048","3670","2015",2.1
"20590","HARV","HARV_048","3698","2015",25
"20591","HARV","HARV_048","3688","2015",13
"20592","HARV","HARV_048","3679","2015",12.7
"20593","HARV","HARV_048","3996","2015",27.1
"20594","HARV","HARV_048","3638","2015",12.8
"20595","HARV","HARV_048","3630","2015",34.1
"20596","HARV","HARV_048","321","2015",10.2
"20597","HARV","HARV_048","3790","2015",2.6
"20598","HARV","HARV_048","3932","2015",13.5
"20599","HARV","HARV_048","3916","2015",16.4
"20600","HARV","HARV_048","3945","2015",2.5
"20601","HARV","HARV_048","3959","2015",12.9
"20602","HARV","HARV_048","10324","2015",15.5
"20603","HARV","HARV_048","3869","2015",17.8
"20604","HARV","HARV_042","8983","2015",1
"20605","HARV","HARV_042","8833","2015",49.5
"20606","HARV","HARV_042","8825","2015",26.1
"20607","HARV","HARV_042","8816","2015",28.1
"20608","HARV","HARV_042","8941","2015",1.3
"23720","OSBS","OSBS_033","3708","2015",18.1
"24010","ORNL","ORNL_054","10187","2016",1.9
"24014","ORNL","ORNL_054","10192","2016",1.4
"24021","ORNL","ORNL_054","10199","2016",3.4
"24033","ORNL","ORNL_054","10237A","2016",13.1
"24035","ORNL","ORNL_054","10240","2016",11.3
"24048","ORNL","ORNL_054","10255","2016",7.4
"24051","ORNL","ORNL_054","10258","2016",14.7
"24054","ORNL","ORNL_054","10262","2016",1.2
"24055","ORNL","ORNL_054","10263","2016",2.2
"24057","ORNL","ORNL_054","10265","2016",3.6
"24058","ORNL","ORNL_054","10266","2016",2.3
"24059","ORNL","ORNL_054","10267","2016",2.7
"24063","ORNL","ORNL_054","10271","2016",2.1
"24064","ORNL","ORNL_054","10272","2016",3.2
"24065","ORNL","ORNL_054","10273","2016",2.2
"24067","ORNL","ORNL_054","10275","2016",8.7
"24070","ORNL","ORNL_054","10278","2016",5.3
"24075","ORNL","ORNL_054","10283","2016",2.6
"24076","ORNL","ORNL_054","10284","2016",1.2
"24085","ORNL","ORNL_054","10297","2016",47.1
"24090","ORNL","ORNL_054","10350","2016",1.9
"24096","ORNL","ORNL_054","10356","2016",1.6
"24098","ORNL","ORNL_054","10359","2016",1.1
"24101","ORNL","ORNL_054","10363","2016",2.2
"24102","ORNL","ORNL_054","10364","2016",7.6
"24104","ORNL","ORNL_054","10366","2016",4.7
"24151","ORNL","ORNL_037","175","2016",1.7
"24153","ORNL","ORNL_037","177","2016",5.6
"24161","ORNL","ORNL_037","184","2016",7.2
"24164","ORNL","ORNL_037","187","2016",2.2
"24219","ORNL","ORNL_037","222","2016",7.1
"24244","ORNL","ORNL_037","231","2016",46.2
"24258","ORNL","ORNL_057","2679","2016",3.3
"24260","ORNL","ORNL_057","2686","2016",2.6
"24268","ORNL","ORNL_057","2703","2016",14.3
"24269","ORNL","ORNL_057","2709","2016",35.7
"24272","ORNL","ORNL_057","2730","2016",16.6
"24273","ORNL","ORNL_057","2733","2016",3.9
"24280","ORNL","ORNL_057","2744","2016",8.1
"24281","ORNL","ORNL_057","2749","2016",1.3
"24282","ORNL","ORNL_057","2750","2016",63.4
"24283","ORNL","ORNL_057","2751","2016",1.4
"24286","ORNL","ORNL_057","2761","2016",14.4
"24289","ORNL","ORNL_057","2777","2016",3.3
"24294","ORNL","ORNL_057","2792","2016",4.2
"24303","ORNL","ORNL_057","2921","2016",1
"24304","ORNL","ORNL_057","2922","2016",5
"24309","ORNL","ORNL_057","2951","2016",44.6
"24310","ORNL","ORNL_057","2962","2016",26
"24312","ORNL","ORNL_057","2969","2016",2.9
"24313","ORNL","ORNL_057","2970","2016",1.5
"24320","ORNL","ORNL_057","2981","2016",1.1
"24515","ORNL","ORNL_051","3740","2016",10.2
"24517","ORNL","ORNL_051","3770","2016",35.3
"24518","ORNL","ORNL_037","379","2016",8.7
"24539","ORNL","ORNL_037","400","2016",2.3
"24668","ORNL","ORNL_037","431","2016",2.8
"24684","ORNL","ORNL_037","434","2016",18.5
"24690","ORNL","ORNL_037","435","2016",2.8
"24698","ORNL","ORNL_037","443","2016",34.3
"24842","ORNL","ORNL_061","5081","2016",1
"24844","ORNL","ORNL_061","5083","2016",3.2
"24848","ORNL","ORNL_061","5088","2016",26.2
"24856","ORNL","ORNL_061","5096","2016",17.3
"24865","ORNL","ORNL_061","5106","2016",3.1
"24871","ORNL","ORNL_061","5112","2016",1.7
"24872","ORNL","ORNL_061","5113","2016",2.1
"24873","ORNL","ORNL_061","5114","2016",2.4
"24875","ORNL","ORNL_061","5116","2016",1.5
"24876","ORNL","ORNL_061","5117","2016",2.1
"24884","ORNL","ORNL_061","5124A","2016",20.5
"24887","ORNL","ORNL_061","5128","2016",29.4
"24888","ORNL","ORNL_061","5128A","2016",23.7
"24889","ORNL","ORNL_061","5129","2016",17.4
"24891","ORNL","ORNL_061","5131","2016",2.6
"24894","ORNL","ORNL_061","5136","2016",1.1
"24897","ORNL","ORNL_061","5139","2016",4.1
"24902","ORNL","ORNL_061","5143","2016",22.9
"24905","ORNL","ORNL_061","5146","2016",2.6
"24908","ORNL","ORNL_061","5149","2016",4.6
"24913","ORNL","ORNL_061","5153","2016",14.7
"24922","ORNL","ORNL_061","5160","2016",1.5
"24929","ORNL","ORNL_061","5166","2016",43.6
"24934","ORNL","ORNL_061","5171","2016",22.8
"24935","ORNL","ORNL_061","5173","2016",14
"24937","ORNL","ORNL_061","5175","2016",3.8
"24939","ORNL","ORNL_061","5177","2016",4.7
"24940","ORNL","ORNL_061","5178","2016",25.6
"24943","ORNL","ORNL_050","5184","2016",21.5
"24944","ORNL","ORNL_050","5185","2016",3.5
"24949","ORNL","ORNL_050","5190","2016",3.1
"24951","ORNL","ORNL_050","5194","2016",2.2
"24967","ORNL","ORNL_050","5222","2016",31
"24982","ORNL","ORNL_050","5248","2016",5.2
"25017","ORNL","ORNL_050","5385","2016",24.9
"25023","ORNL","ORNL_050","5391","2016",11.6
"25029","ORNL","ORNL_050","5407","2016",6.3
"25087","ORNL","ORNL_051","5527","2016",10
"25091","ORNL","ORNL_051","5546","2016",1.4
"25095","ORNL","ORNL_051","5570","2016",33.8
"25096","ORNL","ORNL_051","5571","2016",1
"25103","ORNL","ORNL_051","5602","2016",38.4
"25193","ORNL","ORNL_045","8144","2016",11.3
"25194","ORNL","ORNL_045","8145","2016",7.6
"25204","ORNL","ORNL_045","8158","2016",1.8
"25209","ORNL","ORNL_045","8163","2016",1
"25210","ORNL","ORNL_045","8164","2016",2.4
"25216","ORNL","ORNL_045","8170","2016",29.8
"25218","ORNL","ORNL_045","8176","2016",3.1
"25221","ORNL","ORNL_045","8181","2016",2.8
"25223","ORNL","ORNL_045","8183","2016",4.6
"25232","ORNL","ORNL_045","8193","2016",14.7
"25237","ORNL","ORNL_045","8200","2016",1.4
"25240","ORNL","ORNL_045","8203","2016",11.7
"25241","ORNL","ORNL_045","8205","2016",3.6
"25249","ORNL","ORNL_045","8213","2016",9.1
"25250","ORNL","ORNL_045","8214","2016",2.7
"25251","ORNL","ORNL_045","8215","2016",1.6
"25255","ORNL","ORNL_045","8219","2016",3.2
"25278","ORNL","ORNL_045","8244","2016",5.8
"25280","ORNL","ORNL_045","8246","2016",2.5
"25281","ORNL","ORNL_045","8247","2016",2.7
"25282","ORNL","ORNL_045","8248","2016",4.8
"25500","ORNL","ORNL_056","9474","2016",16.2
"25506","ORNL","ORNL_056","9483","2016",26.5
"25511","ORNL","ORNL_056","9490","2016",34
"25514","ORNL","ORNL_056","9495","2016",3.7
"25519","ORNL","ORNL_056","9630","2016",1.3
"25520","ORNL","ORNL_056","9633","2016",1.2
"25524","ORNL","ORNL_056","9639","2016",1
"25531","ORNL","ORNL_056","9657A","2016",14.5
"25534","ORNL","ORNL_056","9687","2016",1
"25535","ORNL","ORNL_056","9689","2016",14.6
"25538","ORNL","ORNL_056","9721","2016",14.7
"25540","ORNL","ORNL_056","9732","2016",1.1
"25544","ORNL","ORNL_056","9737","2016",1
"25546","ORNL","ORNL_056","9741","2016",1
"25547","ORNL","ORNL_056","9743","2016",9.6
"25549","ORNL","ORNL_056","9746","2016",2.8
"25551","ORNL","ORNL_056","9758","2016",11.7
"25552","ORNL","ORNL_056","9765","2016",17.8
"29862","BART","BART_034","1007","2015",53
"29864","BART","BART_047","101","2015",26.7
"29866","BART","BART_047","102","2015",76.4
"29868","BART","BART_047","104","2015",13.3
"29870","BART","BART_047","105","2015",27.1
"29872","BART","BART_047","106","2015",19.3
"29874","BART","BART_047","107","2015",21.8
"29876","BART","BART_047","109","2015",18.8
"29879","BART","BART_047","112","2015",19
"29881","BART","BART_047","113","2015",19.7
"29883","BART","BART_047","114","2015",49.2
"29886","BART","BART_047","116","2015",35.2
"29888","BART","BART_047","117","2015",18.7
"29890","BART","BART_047","117A","2015",17.2
"29892","BART","BART_047","118","2015",16.6
"29894","BART","BART_047","119","2015",36.7
"29896","BART","BART_047","120","2015",16.6
"29898","BART","BART_047","120A","2015",16.6
"29900","BART","BART_047","121","2015",31.1
"29902","BART","BART_047","122","2015",34.9
"29904","BART","BART_047","123","2015",23
"29906","BART","BART_047","124","2015",22
"29908","BART","BART_047","125","2015",30.1
"29910","BART","BART_034","1863","2015",47
"29912","BART","BART_034","2069","2015",16
"29914","BART","BART_033","2311","2015",10.1
"29916","BART","BART_033","2312","2015",21.2
"29918","BART","BART_033","2313","2015",16.5
"29920","BART","BART_033","2314","2015",14.5
"29922","BART","BART_033","2315","2015",16.4
"29924","BART","BART_033","2316","2015",20.5
"29926","BART","BART_033","2317","2015",19.9
"29928","BART","BART_033","2318","2015",18.4
"29930","BART","BART_033","2319","2015",27.4
"29933","BART","BART_033","2321","2015",23.6
"29935","BART","BART_033","2322","2015",21
"29938","BART","BART_033","2323","2015",35.9
"29940","BART","BART_041","2503","2015",2.9
"29942","BART","BART_041","2505","2015",2.1
"29945","BART","BART_041","2507","2015",1.5
"29947","BART","BART_041","2508","2015",3.8
"29949","BART","BART_041","2509","2015",2
"29951","BART","BART_047","2510","2015",2
"29953","BART","BART_047","2514","2015",1.3
"29955","BART","BART_047","2515","2015",2.8
"29957","BART","BART_047","2518","2015",1.9
"29959","BART","BART_047","2520","2015",2.4
"29961","BART","BART_047","2522","2015",5.3
"29963","BART","BART_047","2523","2015",1.4
"29965","BART","BART_047","2524","2015",6.5
"29967","BART","BART_047","2525","2015",3.6
"29969","BART","BART_047","2526","2015",2
"29971","BART","BART_047","2529","2015",1.2
"29973","BART","BART_047","2531","2015",1.4
"29975","BART","BART_047","2532","2015",1
"29977","BART","BART_047","2536","2015",6.5
"29982","BART","BART_047","2538","2015",2.6
"29985","BART","BART_047","2540","2015",2
"29987","BART","BART_047","2544","2015",2
"29989","BART","BART_047","2545","2015",4
"29991","BART","BART_047","2547","2015",3.8
"29993","BART","BART_047","2549","2015",2.5
"29995","BART","BART_041","2566","2015",3
"29997","BART","BART_041","2599","2015",2.3
"29999","BART","BART_034","2705","2015",1.4
"30001","BART","BART_034","2707","2015",1
"30003","BART","BART_034","2707","2015",2.3
"30005","BART","BART_034","2710","2015",3
"30007","BART","BART_034","2714","2015",1
"30009","BART","BART_034","2717","2015",1.5
"30011","BART","BART_034","2719","2015",9
"30013","BART","BART_034","2720","2015",1
"30015","BART","BART_034","2721","2015",3.8
"30017","BART","BART_034","2723","2015",7.8
"30019","BART","BART_034","2724","2015",2
"30021","BART","BART_034","2726","2015",7.8
"30025","BART","BART_041","2736","2015",7
"30027","BART","BART_041","2737","2015",1.8
"30029","BART","BART_041","2738","2015",17
"30031","BART","BART_041","2738","2015",17.2
"30033","BART","BART_041","2739","2015",1.6
"30035","BART","BART_041","2741","2015",12.5
"30038","BART","BART_041","2743","2015",4.5
"30040","BART","BART_034","2744","2015",1.8
"30042","BART","BART_041","2746","2015",11.7
"30044","BART","BART_034","2748","2015",2.4
"30046","BART","BART_034","2754","2015",3
"30048","BART","BART_034","2755","2015",7.4
"30050","BART","BART_034","2759","2015",7
"30052","BART","BART_034","2760","2015",1.1
"30054","BART","BART_034","2764","2015",3.6
"30056","BART","BART_034","2766","2015",9.5
"30058","BART","BART_034","2767","2015",8.9
"30060","BART","BART_034","2768","2015",7
"30062","BART","BART_034","2769","2015",9.6
"30064","BART","BART_034","2772","2015",16.4
"30066","BART","BART_034","2775","2015",12
"30068","BART","BART_034","2776","2015",39
"30070","BART","BART_034","2777","2015",15.8
"30072","BART","BART_034","2779","2015",11.8
"30075","BART","BART_034","2781","2015",34
"30077","BART","BART_033","2783","2015",19.4
"30079","BART","BART_034","2785","2015",9.6
"30081","BART","BART_033","2786","2015",1.5
"30083","BART","BART_041","2789","2015",1.6
"30085","BART","BART_041","2791","2015",36.4
"30087","BART","BART_041","2791A","2015",32.4
"30089","BART","BART_041","2792","2015",22.7
"30091","BART","BART_041","2793","2015",31.9
"30093","BART","BART_041","2795","2015",7.3
"30095","BART","BART_041","2796","2015",3.5
"30097","BART","BART_041","2797","2015",3.3
"30099","BART","BART_041","2798","2015",5.9
"30101","BART","BART_041","2799","2015",4.9
"30103","BART","BART_033","2801","2015",1.8
"30105","BART","BART_033","2802","2015",10.4
"30107","BART","BART_033","2803","2015",1.8
"30110","BART","BART_033","2804","2015",9.4
"30112","BART","BART_034","2805","2015",11.5
"30114","BART","BART_034","2806","2015",39.9
"30116","BART","BART_034","2807","2015",52.8
"30118","BART","BART_034","2808","2015",29.5
"30121","BART","BART_034","2810","2015",3
"30124","BART","BART_034","2818","2015",3
"30126","BART","BART_034","2819","2015",3.8
"30128","BART","BART_034","2820","2015",7.9
"30130","BART","BART_034","2821","2015",2.8
"30133","BART","BART_034","2823","2015",1.4
"30135","BART","BART_041","2825","2015",2.2
"30137","BART","BART_041","2827","2015",4.5
"30139","BART","BART_041","2829","2015",13.3
"30141","BART","BART_041","2830","2015",27
"30143","BART","BART_041","2831","2015",6.6
"30145","BART","BART_041","2832","2015",8
"30149","BART","BART_041","2834","2015",8.8
"30151","BART","BART_041","2835","2015",8.9
"30153","BART","BART_041","2836","2015",28.4
"30155","BART","BART_041","2837","2015",14.6
"30157","BART","BART_041","2838","2015",22.1
"30159","BART","BART_041","2840","2015",1.9
"30161","BART","BART_041","2841","2015",3.9
"30164","BART","BART_041","2842","2015",1.6
"30166","BART","BART_041","2843","2015",8
"30168","BART","BART_041","2844","2015",4.9
"30170","BART","BART_041","2845","2015",2.5
"30173","BART","BART_041","2847","2015",1.4
"30176","BART","BART_041","2849","2015",3.1
"30178","BART","BART_041","2851","2015",1.1
"30180","BART","BART_041","2853","2015",7
"30182","BART","BART_041","2854","2015",42
"30184","BART","BART_041","2854A","2015",21
"30186","BART","BART_041","2855","2015",10
"30188","BART","BART_041","2857","2015",20.3
"30190","BART","BART_041","2858","2015",18.3
"30192","BART","BART_041","2859","2015",42
"30194","BART","BART_041","2860","2015",7.3
"30196","BART","BART_047","2862","2015",2
"30198","BART","BART_047","2865","2015",2.2
"30200","BART","BART_047","2866","2015",6.5
"30202","BART","BART_047","2867","2015",3.1
"30204","BART","BART_047","2870","2015",1.7
"30206","BART","BART_047","2872","2015",6.6
"30208","BART","BART_047","2873","2015",2
"30210","BART","BART_047","2874","2015",3.3
"30212","BART","BART_047","2877","2015",4.5
"30214","BART","BART_047","2878","2015",1.5
"30216","BART","BART_047","2879","2015",1.8
"30218","BART","BART_039","2901","2015",21.2
"30220","BART","BART_039","2902","2015",27.6
"30222","BART","BART_039","2903","2015",49
"30224","BART","BART_039","2904","2015",23.3
"30226","BART","BART_039","2904A","2015",16.6
"30228","BART","BART_039","2905","2015",28.7
"30230","BART","BART_039","2906","2015",19.2
"30232","BART","BART_039","2907","2015",15.9
"30234","BART","BART_039","2908","2015",11
"30236","BART","BART_039","2909","2015",22.6
"30246","BART","BART_033","2925","2015",21
"30248","BART","BART_033","2926","2015",31
"30250","BART","BART_033","2927","2015",21.1
"30252","BART","BART_033","2928","2015",12.9
"30254","BART","BART_033","2930","2015",16.4
"30256","BART","BART_033","2931","2015",11.5
"30258","BART","BART_033","2932","2015",24.6
"30260","BART","BART_033","2933","2015",22.2
"30262","BART","BART_033","2934","2015",28.1
"30264","BART","BART_033","2935","2015",22
"30268","BART","BART_033","2951","2015",1.4
"30270","BART","BART_033","2953","2015",11.8
"30272","BART","BART_034","2955","2015",25.6
"30274","BART","BART_034","2955A","2015",20.5
"30276","BART","BART_034","2955B","2015",21
"30278","BART","BART_034","2955C","2015",14
"30280","BART","BART_034","2956","2015",25
"30282","BART","BART_034","2957","2015",19.6
"30284","BART","BART_034","2958","2015",34.5
"30287","BART","BART_034","2960","2015",14.5
"30289","BART","BART_034","2961","2015",21
"30291","BART","BART_034","2962","2015",13.3
"30293","BART","BART_034","2963","2015",41
"30295","BART","BART_034","2965","2015",13.9
"30297","BART","BART_034","2966","2015",29.5
"30299","BART","BART_034","2967","2015",41
"30301","BART","BART_034","2968","2015",18.6
"30303","BART","BART_034","2969","2015",15.7
"30305","BART","BART_034","2970","2015",18
"30307","BART","BART_034","2971","2015",13.3
"30309","BART","BART_034","2972","2015",43.8
"30311","BART","BART_041","2973","2015",11
"30313","BART","BART_075","3002","2015",2.8
"30315","BART","BART_075","3003","2015",3.2
"30317","BART","BART_075","3005","2015",4.6
"30319","BART","BART_041","301","2015",16
"30322","BART","BART_041","302","2015",31.6
"30324","BART","BART_042","3021","2015",19.5
"30326","BART","BART_042","3022","2015",13.6
"30328","BART","BART_042","3023","2015",32.4
"30330","BART","BART_042","3023","2015",32.5
"30332","BART","BART_042","3024","2015",11
"30334","BART","BART_042","3025","2015",27.5
"30336","BART","BART_042","3026","2015",33.9
"30338","BART","BART_042","3027","2015",11.6
"30340","BART","BART_042","3028","2015",18
"30342","BART","BART_042","3029","2015",13.6
"30345","BART","BART_041","303","2015",14
"30347","BART","BART_042","3030","2015",10.6
"30349","BART","BART_042","3031","2015",16.5
"30351","BART","BART_042","3031A","2015",11
"30353","BART","BART_042","3032","2015",18.8
"30355","BART","BART_042","3033","2015",56.9
"30357","BART","BART_042","3033A","2015",47
"30359","BART","BART_042","3034","2015",20.5
"30361","BART","BART_042","3035","2015",29.7
"30363","BART","BART_042","3036","2015",13.2
"30365","BART","BART_042","3037","2015",19.6
"30367","BART","BART_042","3038","2015",6.5
"30369","BART","BART_042","3039","2015",14.3
"30371","BART","BART_041","304","2015",15.6
"30373","BART","BART_042","3040","2015",47.4
"30375","BART","BART_042","3041","2015",11.6
"30377","BART","BART_042","3042","2015",13.7
"30379","BART","BART_042","3043","2015",18.2
"30381","BART","BART_042","3043A","2015",18
"30383","BART","BART_042","3044","2015",24.6
"30385","BART","BART_042","3045","2015",40
"30387","BART","BART_042","3046","2015",40.4
"30389","BART","BART_042","3047","2015",7.3
"30391","BART","BART_041","305","2015",42.6
"30393","BART","BART_042","3052","2015",9.1
"30396","BART","BART_042","3054","2015",8.5
"30398","BART","BART_042","3055","2015",6
"30400","BART","BART_042","3056","2015",2.1
"30402","BART","BART_042","3059","2015",9.3
"30404","BART","BART_041","306","2015",26.8
"30406","BART","BART_050","3064","2015",22.8
"30408","BART","BART_050","3065","2015",40.5
"30410","BART","BART_050","3066","2015",41.6
"30412","BART","BART_050","3067","2015",17.8
"30414","BART","BART_050","3068","2015",21.5
"30416","BART","BART_050","3069","2015",23
"30418","BART","BART_041","307","2015",19.4
"30420","BART","BART_050","3070","2015",10.1
"30422","BART","BART_050","3071","2015",22.9
"30424","BART","BART_050","3072","2015",22.7
"30426","BART","BART_050","3074","2015",13.4
"30428","BART","BART_050","3075","2015",15.6
"30430","BART","BART_050","3076","2015",25.9
"30432","BART","BART_050","3077","2015",44.7
"30434","BART","BART_050","3078","2015",46
"30436","BART","BART_050","3079","2015",15.1
"30438","BART","BART_041","308","2015",42.8
"30440","BART","BART_050","3080","2015",15.4
"30442","BART","BART_050","3081","2015",14.3
"30444","BART","BART_050","3082","2015",21.5
"30446","BART","BART_050","3083","2015",30.3
"30448","BART","BART_050","3084","2015",20.1
"30450","BART","BART_050","3085","2015",31.7
"30452","BART","BART_050","3086","2015",21.5
"30454","BART","BART_050","3087","2015",19.2
"30456","BART","BART_050","3088","2015",26
"30458","BART","BART_050","3089","2015",15.4
"30460","BART","BART_041","309","2015",10.2
"30462","BART","BART_050","3090","2015",12.7
"30464","BART","BART_050","3091","2015",23
"30466","BART","BART_050","3092","2015",30.1
"30468","BART","BART_050","3093","2015",21.2
"30470","BART","BART_050","3094","2015",38.2
"30472","BART","BART_050","3094A","2015",30.4
"30474","BART","BART_050","3095","2015",33.6
"30476","BART","BART_050","3096","2015",12.6
"30478","BART","BART_050","3097","2015",29.2
"30480","BART","BART_050","3098","2015",10.3
"30482","BART","BART_050","3099","2015",22.1
"30485","BART","BART_041","310","2015",18.2
"30487","BART","BART_050","3100","2015",42.4
"30489","BART","BART_046","3102","2015",1.1
"30491","BART","BART_046","3104","2015",5
"30493","BART","BART_046","3105","2015",2.4
"30496","BART","BART_075","3109","2015",15.8
"30498","BART","BART_041","311","2015",18
"30500","BART","BART_075","3110","2015",23.8
"30502","BART","BART_075","3111","2015",32.6
"30504","BART","BART_041","312","2015",38
"30506","BART","BART_041","313","2015",30.4
"30509","BART","BART_075","3139","2015",3.6
"30511","BART","BART_041","314","2015",16.8
"30513","BART","BART_075","3140","2015",1.7
"30515","BART","BART_075","3141","2015",7.3
"30517","BART","BART_075","3142","2015",3.6
"30519","BART","BART_075","3143","2015",1.1
"30521","BART","BART_075","3144","2015",4.1
"30523","BART","BART_075","3145","2015",3.6
"30525","BART","BART_075","3146","2015",1.8
"30527","BART","BART_075","3148","2015",6.6
"30529","BART","BART_075","3149","2015",8.5
"30531","BART","BART_041","315","2015",11.3
"30533","BART","BART_075","3151","2015",4.6
"30535","BART","BART_075","3152","2015",32.4
"30537","BART","BART_075","3155","2015",11.4
"30539","BART","BART_075","3156","2015",15
"30541","BART","BART_075","3157","2015",15.8
"30543","BART","BART_075","3158","2015",17.9
"30545","BART","BART_075","3159","2015",36.3
"30547","BART","BART_041","316","2015",16.8
"30549","BART","BART_075","3160","2015",52
"30551","BART","BART_075","3161","2015",1.4
"30553","BART","BART_075","3163","2015",7.2
"30555","BART","BART_075","3164","2015",9.3
"30557","BART","BART_075","3165","2015",1.4
"30559","BART","BART_042","3166","2015",13.3
"30561","BART","BART_042","3166","2015",14
"30563","BART","BART_042","3167","2015",12.1
"30565","BART","BART_042","3168","2015",17.9
"30567","BART","BART_042","3169","2015",15.5
"30569","BART","BART_041","317","2015",14
"30571","BART","BART_042","3170","2015",10.4
"30573","BART","BART_042","3171","2015",17.8
"30575","BART","BART_042","3172","2015",53.1
"30577","BART","BART_042","3173","2015",38.7
"30579","BART","BART_042","3174","2015",26.5
"30581","BART","BART_042","3174A","2015",16.8
"30583","BART","BART_042","3175","2015",23.8
"30585","BART","BART_042","3176","2015",10.2
"30587","BART","BART_042","3177","2015",16.5
"30589","BART","BART_042","3178","2015",22.6
"30591","BART","BART_042","3179","2015",49.7
"30593","BART","BART_041","318","2015",25.9
"30595","BART","BART_042","3180","2015",22
"30597","BART","BART_042","3181","2015",30.6
"30599","BART","BART_042","3182","2015",13.9
"30601","BART","BART_042","3183","2015",20.3
"30603","BART","BART_042","3184","2015",8.2
"30605","BART","BART_042","3186","2015",5.2
"30607","BART","BART_042","3187","2015",1.1
"30609","BART","BART_042","3189","2015",5.3
"30611","BART","BART_042","3189","2015",5.5
"30613","BART","BART_041","319","2015",42.1
"30615","BART","BART_050","3193","2015",2.1
"30617","BART","BART_050","3197","2015",7
"30619","BART","BART_050","3198","2015",9.6
"30622","BART","BART_041","320","2015",18
"30625","BART","BART_046","3201","2015",2.4
"30627","BART","BART_046","3202","2015",1.8
"30629","BART","BART_046","3203","2015",4.8
"30631","BART","BART_041","321","2015",11.8
"30633","BART","BART_046","3212","2015",2.1
"30635","BART","BART_041","322","2015",12
"30637","BART","BART_046","3222","2015",1.6
"30639","BART","BART_046","3223","2015",1.2
"30641","BART","BART_075","3224","2015",13.8
"30643","BART","BART_075","3225","2015",11
"30645","BART","BART_075","3226","2015",13.4
"30647","BART","BART_075","3227","2015",10.2
"30649","BART","BART_075","3228","2015",34
"30651","BART","BART_075","3229","2015",21.3
"30653","BART","BART_041","323","2015",32
"30655","BART","BART_075","3230","2015",27.2
"30657","BART","BART_075","3231","2015",27.6
"30659","BART","BART_075","3232","2015",35.8
"30661","BART","BART_075","3233","2015",25.5
"30663","BART","BART_075","3234","2015",20
"30665","BART","BART_075","3235","2015",13.7
"30667","BART","BART_075","3236","2015",32.1
"30669","BART","BART_075","3237","2015",35.8
"30671","BART","BART_075","3238","2015",49.5
"30673","BART","BART_075","3239","2015",13.9
"30675","BART","BART_041","324","2015",18.7
"30677","BART","BART_075","3240","2015",10.4
"30679","BART","BART_075","3241","2015",28.9
"30681","BART","BART_075","3242","2015",22.6
"30683","BART","BART_075","3243","2015",8.5
"30685","BART","BART_075","3246","2015",2.5
"30687","BART","BART_075","3247","2015",5.5
"30691","BART","BART_075","3248","2015",4.1
"30695","BART","BART_075","3249","2015",1.5
"30697","BART","BART_041","325","2015",24
"30699","BART","BART_075","3253","2015",8.7
"30701","BART","BART_075","3254","2015",1.1
"30703","BART","BART_075","3255","2015",6.5
"30706","BART","BART_075","3257","2015",3.9
"30708","BART","BART_075","3258","2015",8
"30710","BART","BART_041","326","2015",11.5
"30712","BART","BART_075","3260","2015",1.7
"30714","BART","BART_075","3261","2015",7
"30717","BART","BART_075","3262","2015",4
"30719","BART","BART_075","3263","2015",3.8
"30721","BART","BART_075","3264","2015",44
"30723","BART","BART_075","3265","2015",10.1
"30725","BART","BART_075","3266","2015",10.2
"30727","BART","BART_075","3267","2015",17.5
"30729","BART","BART_075","3268","2015",27.4
"30731","BART","BART_075","3268A","2015",12.9
"30734","BART","BART_041","327","2015",12.6
"30736","BART","BART_075","3271","2015",3.3
"30738","BART","BART_075","3273","2015",1.7
"30740","BART","BART_075","3274","2015",2.7
"30742","BART","BART_075","3275","2015",5
"30744","BART","BART_075","3276","2015",9.1
"30746","BART","BART_075","3277","2015",8.7
"30748","BART","BART_075","3277","2015",14.3
"30750","BART","BART_075","3278","2015",12.2
"30752","BART","BART_075","3279","2015",20.2
"30754","BART","BART_041","328","2015",26.3
"30756","BART","BART_075","3280","2015",43.6
"30758","BART","BART_075","3281","2015",13.3
"30760","BART","BART_075","3282","2015",17.9
"30762","BART","BART_075","3283","2015",26.6
"30764","BART","BART_075","3284","2015",20.7
"30766","BART","BART_075","3285","2015",26.1
"30768","BART","BART_075","3286","2015",11
"30770","BART","BART_075","3287","2015",36.3
"30772","BART","BART_075","3288","2015",1.2
"30774","BART","BART_075","3289","2015",3.7
"30776","BART","BART_075","3290","2015",2.8
"30778","BART","BART_075","3292","2015",3.9
"30780","BART","BART_075","3293","2015",3.6
"30782","BART","BART_075","3294","2015",23.2
"30784","BART","BART_075","3295","2015",3.4
"30786","BART","BART_075","3296","2015",5.9
"30788","BART","BART_075","3299","2015",43.6
"30791","BART","BART_075","3299","2015",8.2
"30794","BART","BART_041","330","2015",22
"30796","BART","BART_075","3300","2015",34
"30798","BART","BART_050","3301","2015",10.2
"30800","BART","BART_050","3302","2015",28.2
"30802","BART","BART_050","3303","2015",10.8
"30804","BART","BART_050","3304","2015",24.5
"30806","BART","BART_050","3305","2015",36.7
"30808","BART","BART_050","3306","2015",11.8
"30810","BART","BART_050","3307","2015",14.4
"30812","BART","BART_050","3308","2015",15.3
"30814","BART","BART_050","3309","2015",24.6
"30816","BART","BART_041","331","2015",24.9
"30818","BART","BART_050","3310","2015",34
"30820","BART","BART_050","3311","2015",17.8
"30822","BART","BART_050","3317","2015",1.1
"30824","BART","BART_050","3327","2015",5.7
"30826","BART","BART_041","333","2015",22
"30828","BART","BART_032","3330","2015",42.5
"30831","BART","BART_032","3330A","2015",12.5
"30833","BART","BART_032","3330B","2015",12.4
"30835","BART","BART_032","3331","2015",37.8
"30837","BART","BART_032","3331A","2015",13.7
"30839","BART","BART_032","3331B","2015",23.8
"30841","BART","BART_032","3332","2015",10.4
"30843","BART","BART_032","3333","2015",16.9
"30845","BART","BART_032","3334","2015",30.3
"30847","BART","BART_032","3334A","2015",23.4
"30849","BART","BART_032","3335","2015",9.8
"30851","BART","BART_032","3336","2015",12.1
"30853","BART","BART_032","3337","2015",21
"30855","BART","BART_032","3338","2015",19
"30857","BART","BART_032","3338A","2015",16.7
"30859","BART","BART_032","3339","2015",29.8
"30863","BART","BART_041","334","2015",19
"30865","BART","BART_032","3340","2015",13
"30867","BART","BART_032","3340A","2015",11.3
"30869","BART","BART_032","3340B","2015",11.1
"30871","BART","BART_032","3340C","2015",10.5
"30873","BART","BART_032","3341","2015",38.5
"30875","BART","BART_032","3342","2015",11.2
"30877","BART","BART_032","3343","2015",18.5
"30879","BART","BART_032","3344","2015",24.1
"30881","BART","BART_032","3345","2015",12.6
"30883","BART","BART_032","3346","2015",14.2
"30885","BART","BART_032","3347","2015",13.8
"30888","BART","BART_047","335","2015",14.7
"30890","BART","BART_032","3350","2015",29.9
"30892","BART","BART_032","3351","2015",30
"30894","BART","BART_032","3352","2015",12.7
"30896","BART","BART_032","3352","2015",12.6
"30898","BART","BART_032","3353","2015",42.9
"30900","BART","BART_032","3354","2015",12
"30902","BART","BART_032","3355","2015",28
"30904","BART","BART_032","3356","2015",18.8
"30908","BART","BART_042","3359","2015",16
"30910","BART","BART_047","336","2015",22
"30912","BART","BART_075","3361","2015",5.4
"30915","BART","BART_032","3364","2015",1.2
"30917","BART","BART_032","3365","2015",6.8
"30921","BART","BART_032","3370","2015",1.1
"30923","BART","BART_032","3371","2015",8.5
"30925","BART","BART_032","3372","2015",9.5
"30927","BART","BART_032","3374","2015",1.9
"30930","BART","BART_032","3375","2015",4.2
"30932","BART","BART_032","3376","2015",5.2
"30934","BART","BART_050","3377","2015",3.9
"30949","BART","BART_042","3401","2015",12.2
"30951","BART","BART_042","3402","2015",17.1
"30953","BART","BART_042","3403","2015",34.9
"30955","BART","BART_042","3404","2015",38
"30957","BART","BART_042","3405","2015",51.9
"30959","BART","BART_042","3406","2015",21.7
"30961","BART","BART_042","3407","2015",33.2
"30963","BART","BART_042","3408","2015",25.5
"30965","BART","BART_042","3409","2015",33
"30967","BART","BART_042","3411","2015",13.3
"30969","BART","BART_042","3412","2015",14
"30971","BART","BART_042","3414","2015",11.5
"30973","BART","BART_042","3416","2015",3.4
"30975","BART","BART_042","3416","2015",2.9
"30977","BART","BART_042","3419","2015",9.7
"30980","BART","BART_042","3421","2015",5.1
"30984","BART","BART_042","3422","2015",1.1
"30988","BART","BART_042","3427","2015",5.7
"30990","BART","BART_042","3428","2015",5
"30992","BART","BART_042","3430","2015",4.4
"30994","BART","BART_042","3433","2015",6
"30996","BART","BART_042","3434","2015",2.3
"30998","BART","BART_042","3436","2015",1.8
"31000","BART","BART_050","3440","2015",13.6
"31002","BART","BART_050","3441","2015",47.8
"31004","BART","BART_050","3442","2015",11.9
"31006","BART","BART_050","3443","2015",29.8
"31008","BART","BART_050","3444","2015",28
"31010","BART","BART_050","3445","2015",39
"31012","BART","BART_050","3446","2015",15
"31014","BART","BART_050","3447","2015",16.5
"31016","BART","BART_050","3448","2015",54.6
"31018","BART","BART_050","3449","2015",28.9
"31020","BART","BART_050","3450","2015",27
"31022","BART","BART_050","3451","2015",39.4
"31024","BART","BART_050","3452","2015",23
"31026","BART","BART_050","3453","2015",40
"31028","BART","BART_050","3454","2015",17.6
"31030","BART","BART_050","3455","2015",16.4
"31032","BART","BART_050","3456","2015",9
"31035","BART","BART_050","3458","2015",24.2
"31037","BART","BART_050","3459","2015",20
"31039","BART","BART_050","3460","2015",28
"31041","BART","BART_050","3461","2015",23.8
"31043","BART","BART_050","3462","2015",29.8
"31045","BART","BART_050","3463","2015",41.7
"31047","BART","BART_050","3464","2015",24
"31049","BART","BART_050","3465","2015",39.5
"31051","BART","BART_050","3465A","2015",39.2
"31053","BART","BART_050","3467","2015",5.5
"31055","BART","BART_050","3471","2015",7.8
"31057","BART","BART_050","3473","2015",3.5
"31059","BART","BART_050","3474","2015",5.5
"31061","BART","BART_050","3477","2015",1.8
"31064","BART","BART_050","3479","2015",1.4
"31066","BART","BART_050","3482","2015",1.3
"31069","BART","BART_050","3486","2015",7.5
"31071","BART","BART_050","3491","2015",9.8
"31073","BART","BART_050","3494","2015",9.6
"31075","BART","BART_050","3500","2015",5.5
"31077","BART","BART_032","3501","2015",13.3
"31079","BART","BART_032","3502","2015",10.8
"31081","BART","BART_032","3503","2015",30.1
"31083","BART","BART_032","3504","2015",10.7
"31085","BART","BART_032","3505","2015",22.8
"31087","BART","BART_032","3505A","2015",22.8
"31089","BART","BART_032","3505B","2015",12.3
"31091","BART","BART_032","3505C","2015",23.4
"31093","BART","BART_032","3505D","2015",18.8
"31095","BART","BART_032","3506","2015",19
"31097","BART","BART_032","3507","2015",43.5
"31099","BART","BART_032","3508","2015",34.9
"31101","BART","BART_032","3509","2015",38.8
"31103","BART","BART_032","3510","2015",39.8
"31105","BART","BART_032","3511","2015",14.2
"31107","BART","BART_032","3513","2015",21.4
"31109","BART","BART_032","3513A","2015",19.3
"31111","BART","BART_032","3513B","2015",16.7
"31113","BART","BART_032","3513C","2015",21
"31115","BART","BART_032","3514","2015",19.2
"31117","BART","BART_032","3514","2015",12.2
"31119","BART","BART_032","3515","2015",13.5
"31122","BART","BART_032","3517","2015",11
"31124","BART","BART_032","3519","2015",10.1
"31126","BART","BART_032","3520","2015",3.4
"31128","BART","BART_032","3521","2015",8.6
"31131","BART","BART_032","3523","2015",2.9
"31133","BART","BART_032","3524","2015",3.2
"31135","BART","BART_032","3526","2015",4.8
"31137","BART","BART_032","3527","2015",5.1
"31139","BART","BART_032","3530","2015",3.8
"31154","BART","BART_071","3545","2015",18
"31156","BART","BART_071","3547","2015",13.3
"31158","BART","BART_071","3548","2015",42.8
"31160","BART","BART_071","3550","2015",10.5
"31162","BART","BART_071","3551","2015",39.9
"31164","BART","BART_071","3552","2015",14.5
"31166","BART","BART_071","3553","2015",20
"31168","BART","BART_071","3554","2015",21.1
"31170","BART","BART_071","3555","2015",16
"31172","BART","BART_071","3556","2015",24.3
"31174","BART","BART_071","3557","2015",23.5
"31176","BART","BART_071","3561","2015",1.1
"31178","BART","BART_071","3562","2015",3.9
"31180","BART","BART_071","3563","2015",1.02
"31182","BART","BART_071","3564","2015",1.3
"31184","BART","BART_071","3565","2015",1.4
"31186","BART","BART_071","3566","2015",4.7
"31188","BART","BART_071","3568","2015",1.8
"31190","BART","BART_071","3569","2015",2.5
"31192","BART","BART_071","3570","2015",3.7
"31194","BART","BART_071","3571","2015",6.5
"31196","BART","BART_071","3572","2015",1.9
"31198","BART","BART_071","3573","2015",1.4
"31200","BART","BART_071","3575","2015",1.4
"31202","BART","BART_071","3576","2015",5.8
"31204","BART","BART_071","3577","2015",4.5
"31206","BART","BART_071","3580","2015",1.5
"31212","BART","BART_071","3586","2015",1.4
"31214","BART","BART_071","3587","2015",3.7
"31217","BART","BART_071","3590","2015",5.9
"31219","BART","BART_051","3591","2015",45
"31221","BART","BART_051","3592","2015",32.5
"31223","BART","BART_051","3593","2015",10
"31225","BART","BART_051","3594","2015",22.6
"31227","BART","BART_051","3595","2015",50.2
"31229","BART","BART_051","3595A","2015",24.5
"31231","BART","BART_051","3596","2015",51
"31233","BART","BART_051","3597","2015",41.2
"31235","BART","BART_051","3598","2015",51.7
"31237","BART","BART_051","3599","2015",27
"31239","BART","BART_051","3600","2015",64.4
"31242","BART","BART_040","3602","2015",29.5
"31244","BART","BART_040","3602A","2015",21.5
"31250","BART","BART_040","3608","2015",14.2
"31252","BART","BART_040","3609","2015",18.1
"31254","BART","BART_039","3611","2015",40.5
"31262","BART","BART_040","3620","2015",19.2
"31264","BART","BART_039","3621","2015",27.7
"31270","BART","BART_040","3627","2015",23
"31273","BART","BART_040","3629","2015",26
"31275","BART","BART_040","3630","2015",10.2
"31277","BART","BART_040","3631","2015",21.8
"31279","BART","BART_040","3632","2015",34.9
"31281","BART","BART_040","3635","2015",14.2
"31283","BART","BART_040","3636","2015",26
"31285","BART","BART_040","3637","2015",6.1
"31289","BART","BART_040","3639","2015",1.4
"31292","BART","BART_040","3640","2015",3.6
"31294","BART","BART_040","3641","2015",16.2
"31296","BART","BART_040","3645","2015",36
"31299","BART","BART_040","3646","2015",7.2
"31301","BART","BART_040","3647","2015",3.9
"31303","BART","BART_040","3648","2015",3.9
"31305","BART","BART_040","3650","2015",39.8
"31307","BART","BART_040","3654","2015",4
"31309","BART","BART_040","3655","2015",1.9
"31311","BART","BART_040","3658","2015",9
"31315","BART","BART_073","3659","2015",17.8
"31317","BART","BART_073","3660","2015",10.8
"31319","BART","BART_040","3662","2015",25
"31323","BART","BART_073","3664","2015",23.3
"31325","BART","BART_073","3665","2015",41.6
"31327","BART","BART_073","3665A","2015",27.4
"31329","BART","BART_073","3666","2015",16.3
"31331","BART","BART_073","3667","2015",38.4
"31333","BART","BART_073","3668","2015",14.5
"31335","BART","BART_073","3670","2015",40.1
"31337","BART","BART_073","3671","2015",24.3
"31339","BART","BART_073","3672","2015",18.7
"31341","BART","BART_073","3673","2015",34
"31343","BART","BART_073","3673A","2015",40.4
"31345","BART","BART_073","3674","2015",11
"31347","BART","BART_073","3675","2015",17.9
"31349","BART","BART_073","3676","2015",11.6
"31351","BART","BART_073","3678","2015",17.7
"31353","BART","BART_073","3679","2015",17.1
"31355","BART","BART_041","368","2015",50
"31357","BART","BART_073","3680","2015",21.4
"31359","BART","BART_073","3681","2015",27.8
"31361","BART","BART_073","3682","2015",25.2
"31363","BART","BART_073","3683","2015",14.4
"31365","BART","BART_073","3684","2015",23.7
"31367","BART","BART_073","3685","2015",25
"31369","BART","BART_041","369","2015",52
"31371","BART","BART_073","3691","2015",1.1
"31373","BART","BART_073","3692","2015",1.5
"31375","BART","BART_073","3693","2015",18.8
"31377","BART","BART_073","3696","2015",24
"31379","BART","BART_073","3697","2015",13.4
"31381","BART","BART_073","3698","2015",30.5
"31383","BART","BART_073","3699","2015",26.6
"31385","BART","BART_073","3700","2015",21.8
"31387","BART","BART_039","3701","2015",26.8
"31389","BART","BART_039","3701A","2015",16.5
"31391","BART","BART_039","3703","2015",24.4
"31393","BART","BART_039","3704","2015",13.4
"31395","BART","BART_039","3705","2015",27.8
"31397","BART","BART_039","3706","2015",29.9
"31403","BART","BART_039","3711","2015",47.9
"31406","BART","BART_039","3715","2015",26.5
"31410","BART","BART_051","3720","2015",1.6
"31412","BART","BART_051","3721","2015",5.7
"31436","BART","BART_040","3756","2015",18.3
"31438","BART","BART_040","3757","2015",11.9
"31440","BART","BART_040","3758","2015",63.7
"31444","BART","BART_040","3761","2015",53.9
"31446","BART","BART_040","3762","2015",28
"31448","BART","BART_040","3764","2015",17.5
"31451","BART","BART_040","3767","2015",19.5
"31453","BART","BART_040","3768","2015",10.4
"31456","BART","BART_039","3770","2015",20.3
"31458","BART","BART_039","3770A","2015",11.1
"31460","BART","BART_040","3772","2015",29.5
"31462","BART","BART_039","3773","2015",11.7
"31464","BART","BART_040","3775","2015",14.5
"31468","BART","BART_040","3778","2015",13.9
"31471","BART","BART_040","3781","2015",16.5
"31480","BART","BART_040","3796","2015",1.2
"31482","BART","BART_040","3797","2015",2.7
"31484","BART","BART_040","3798","2015",6.2
"31486","BART","BART_040","3799","2015",41.4
"31488","BART","BART_040","3799A","2015",28.6
"31490","BART","BART_040","3799B","2015",24.4
"31492","BART","BART_040","3799C","2015",24.2
"31494","BART","BART_040","3800","2015",12
"31496","BART","BART_041","3800","2015",4.2
"31498","BART","BART_051","3803","2015",1.9
"31500","BART","BART_051","3804","2015",1.7
"31502","BART","BART_039","3807","2015",25.2
"31504","BART","BART_039","3809","2015",25.6
"31506","BART","BART_039","3809A","2015",22.4
"31508","BART","BART_039","3810","2015",28.7
"31510","BART","BART_051","3811","2015",1.4
"31512","BART","BART_039","3814","2015",22.5
"31514","BART","BART_051","3815","2015",2.5
"31516","BART","BART_039","3816","2015",20
"31518","BART","BART_039","3820","2015",26.5
"31520","BART","BART_039","3821","2015",39.1
"31522","BART","BART_039","3822","2015",29.2
"31524","BART","BART_039","3823","2015",16.1
"31526","BART","BART_039","3825","2015",20.9
"31528","BART","BART_039","3826","2015",35.5
"31540","BART","BART_039","3862","2015",13.3
"31543","BART","BART_039","3864","2015",21
"31545","BART","BART_039","3865","2015",38
"31547","BART","BART_039","3866","2015",24.9
"31549","BART","BART_039","3867","2015",42.5
"31551","BART","BART_039","3870","2015",12.4
"31556","BART","BART_039","3874","2015",37.2
"31558","BART","BART_051","3876","2015",10
"31562","BART","BART_039","3879","2015",23.4
"31565","BART","BART_039","3882","2015",23.6
"31567","BART","BART_039","3883","2015",13.5
"31569","BART","BART_039","3884","2015",19
"31571","BART","BART_039","3885","2015",35.7
"31575","BART","BART_040","3889","2015",35.8
"31577","BART","BART_040","3890","2015",44
"31579","BART","BART_040","3891","2015",35.8
"31581","BART","BART_040","3892","2015",35.8
"31583","BART","BART_040","3893","2015",50
"31585","BART","BART_040","3894","2015",20.6
"31587","BART","BART_040","3895","2015",13.7
"31589","BART","BART_040","3896","2015",26.5
"31591","BART","BART_040","3898","2015",21.5
"31594","BART","BART_073","3901","2015",15.9
"31596","BART","BART_073","3902","2015",16.7
"31598","BART","BART_073","3903","2015",1.2
"31600","BART","BART_073","3904","2015",3.9
"31602","BART","BART_073","3905","2015",2.6
"31605","BART","BART_073","3907","2015",18.2
"31608","BART","BART_073","3909","2015",36.5
"31610","BART","BART_073","3910","2015",2.5
"31612","BART","BART_073","3911","2015",1.6
"31614","BART","BART_073","3912","2015",3.4
"31616","BART","BART_073","3915","2015",1.8
"31618","BART","BART_073","3916","2015",9.1
"31620","BART","BART_073","3917","2015",29.8
"31622","BART","BART_073","3918","2015",26.5
"31624","BART","BART_073","3918A","2015",13.4
"31626","BART","BART_073","3919","2015",19.5
"31628","BART","BART_073","3920","2015",23.5
"31630","BART","BART_073","3921","2015",16
"31632","BART","BART_073","3922","2015",12.7
"31634","BART","BART_073","3923","2015",12.5
"31637","BART","BART_073","3926","2015",20.2
"31639","BART","BART_073","3927","2015",24.8
"31641","BART","BART_073","3928","2015",14.6
"31643","BART","BART_073","3929","2015",14.5
"31645","BART","BART_073","3930","2015",11.1
"31647","BART","BART_073","3931","2015",27.2
"31649","BART","BART_073","3932","2015",31
"31651","BART","BART_073","3933","2015",35.8
"31653","BART","BART_073","3934","2015",16.2
"31656","BART","BART_073","3935","2015",17.5
"31658","BART","BART_073","3936","2015",20.2
"31660","BART","BART_073","3937","2015",14.9
"31662","BART","BART_073","3938","2015",9.8
"31664","BART","BART_073","3939","2015",21.2
"31666","BART","BART_073","3940","2015",30.4
"31672","BART","BART_073","3945","2015",22.3
"31674","BART","BART_073","3946","2015",12.5
"31676","BART","BART_073","3947","2015",12.2
"31678","BART","BART_073","3948","2015",35.7
"31680","BART","BART_073","3949","2015",13.3
"31682","BART","BART_073","3950","2015",36
"31684","BART","BART_073","3953","2015",34.5
"31686","BART","BART_073","3954","2015",16.2
"31689","BART","BART_073","3955","2015",18.9
"31691","BART","BART_073","3956","2015",14.3
"31693","BART","BART_073","3957","2015",10.8
"31695","BART","BART_073","3958","2015",9
"31697","BART","BART_073","3961","2015",1.3
"31699","BART","BART_073","3962","2015",1.3
"31701","BART","BART_073","3963","2015",5.3
"31704","BART","BART_039","3966","2015",13.5
"31706","BART","BART_039","3968","2015",20.2
"31708","BART","BART_039","3969","2015",10.1
"31710","BART","BART_073","3971","2015",24.8
"31714","BART","BART_039","3975","2015",13.7
"31716","BART","BART_073","3976","2015",26.5
"31719","BART","BART_039","3979","2015",13.1
"31736","BART","BART_039","3994","2015",19.2
"31739","BART","BART_075","4001","2015",51.4
"31741","BART","BART_075","4002","2015",1.1
"31743","BART","BART_075","4003","2015",1.2
"31745","BART","BART_075","4004","2015",1.6
"31747","BART","BART_075","4006","2015",1.1
"31749","BART","BART_075","4007","2015",1.6
"31751","BART","BART_075","4018","2015",6.9
"31753","BART","BART_075","4020","2015",8.1
"31755","BART","BART_075","4023","2015",2
"31757","BART","BART_075","4028","2015",2.8
"31759","BART","BART_075","4030","2015",1.1
"31761","BART","BART_075","4038","2015",1.1
"31765","BART","BART_051","4043","2015",53.7
"31767","BART","BART_051","4044","2015",18.8
"31769","BART","BART_051","4045","2015",27.3
"31771","BART","BART_051","4046","2015",17.9
"31773","BART","BART_051","4047","2015",33.9
"31775","BART","BART_051","4048","2015",27.8
"31777","BART","BART_051","4049","2015",13.7
"31779","BART","BART_051","4050","2015",19.3
"31781","BART","BART_051","4051","2015",10.7
"31783","BART","BART_051","4052","2015",17.9
"31785","BART","BART_051","4053","2015",14
"31787","BART","BART_051","4054","2015",13.6
"31789","BART","BART_051","4055","2015",36
"31791","BART","BART_051","4056","2015",18.6
"31793","BART","BART_051","4057","2015",12
"31795","BART","BART_051","4058","2015",18.4
"31797","BART","BART_051","4059","2015",56.4
"31799","BART","BART_051","4060","2015",18.1
"31801","BART","BART_051","4061","2015",13.3
"31803","BART","BART_051","4062","2015",32.5
"31805","BART","BART_051","4063","2015",19.8
"31807","BART","BART_051","4064","2015",42.5
"31809","BART","BART_051","4065","2015",12
"31811","BART","BART_051","4066","2015",25
"31813","BART","BART_051","4067","2015",21.3
"31815","BART","BART_051","4068","2015",15.3
"31817","BART","BART_051","4069","2015",17.6
"31819","BART","BART_051","4070","2015",24.5
"31821","BART","BART_051","4071","2015",54
"31823","BART","BART_051","4072","2015",60.7
"31825","BART","BART_051","4073","2015",30.9
"31827","BART","BART_051","4074","2015",10
"31829","BART","BART_051","4075","2015",27.3
"31831","BART","BART_051","4076","2015",25
"31833","BART","BART_051","4077","2015",29.4
"31835","BART","BART_075","4078","2015",69.9
"31837","BART","BART_051","4079","2015",31.5
"31839","BART","BART_051","4080","2015",26.3
"31841","BART","BART_051","4081","2015",53.3
"31843","BART","BART_039","4082","2015",2.9
"31845","BART","BART_039","4084","2015",2.4
"31847","BART","BART_039","4091","2015",3.4
"31850","BART","BART_039","4092","2015",3.3
"31854","BART","BART_039","4093","2015",3.6
"31856","BART","BART_039","4094","2015",2.1
"31858","BART","BART_039","4095","2015",4.3
"31860","BART","BART_039","4096","2015",1.3
"31862","BART","BART_039","4097","2015",2.3
"31864","BART","BART_039","4098","2015",1.8
"31866","BART","BART_039","4099","2015",9.8
"31868","BART","BART_039","4100","2015",2.8
"31870","BART","BART_071","4101","2015",7
"31872","BART","BART_071","4103","2015",2.9
"31876","BART","BART_051","4110","2015",3.3
"31878","BART","BART_051","4111","2015",8.8
"31882","BART","BART_051","4112","2015",1.1
"31884","BART","BART_051","4113","2015",1.2
"31886","BART","BART_051","4114","2015",9
"31888","BART","BART_051","4118","2015",2.1
"31890","BART","BART_051","4119","2015",4.8
"31892","BART","BART_051","4120","2015",1.5
"31894","BART","BART_051","4121","2015",1.6
"31896","BART","BART_051","4122","2015",5.8
"31898","BART","BART_051","4123","2015",2.6
"31900","BART","BART_051","4125","2015",9
"31902","BART","BART_051","4127","2015",3
"31904","BART","BART_051","4128","2015",2.3
"31906","BART","BART_051","4129","2015",4.3
"31908","BART","BART_051","4131","2015",2.6
"31910","BART","BART_051","4133","2015",2.4
"31912","BART","BART_051","4137","2015",1.2
"31914","BART","BART_051","4138","2015",1.6
"31916","BART","BART_039","4147","2015",8.6
"31918","BART","BART_039","4148","2015",2.6
"31920","BART","BART_039","4149","2015",1.3
"31922","BART","BART_039","4150","2015",1.6
"31924","BART","BART_039","4152","2015",4.3
"31928","BART","BART_039","4156","2015",4.4
"31930","BART","BART_039","4157","2015",1.8
"31933","BART","BART_039","4159","2015",1.8
"31935","BART","BART_039","4160","2015",5.6
"31937","BART","BART_039","4162","2015",7.9
"31939","BART","BART_039","4163","2015",8.8
"31941","BART","BART_039","4165","2015",1.7
"31943","BART","BART_039","4167","2015",3.8
"31945","BART","BART_039","4169","2015",9.5
"31947","BART","BART_039","4170","2015",3.9
"31950","BART","BART_039","4173","2015",3.7
"31952","BART","BART_039","4175","2015",4.8
"31954","BART","BART_039","4177","2015",2.6
"31956","BART","BART_039","4179","2015",2.8
"31958","BART","BART_039","4180","2015",2
"31960","BART","BART_039","4181","2015",4.1
"31962","BART","BART_039","4182","2015",8
"31964","BART","BART_039","4184","2015",3
"31966","BART","BART_039","4187","2015",4.2
"31969","BART","BART_039","4192","2015",1.4
"31971","BART","BART_039","4196","2015",4.5
"31973","BART","BART_039","4199","2015",3.3
"31975","BART","BART_042","4201","2015",3.7
"31977","BART","BART_042","4202","2015",5.3
"31979","BART","BART_050","4205","2015",1.5
"31981","BART","BART_050","4206","2015",4
"31983","BART","BART_050","4208","2015",1.1
"31985","BART","BART_050","4209","2015",2.9
"31987","BART","BART_050","4212","2015",3.9
"31990","BART","BART_050","4219","2015",2.7
"31993","BART","BART_032","4222","2015",10.4
"31995","BART","BART_032","4223","2015",10.5
"31997","BART","BART_032","4224","2015",10.4
"31999","BART","BART_032","4225","2015",20.2
"32001","BART","BART_032","4226","2015",33.3
"32003","BART","BART_032","4227","2015",10.7
"32005","BART","BART_032","4228","2015",20.2
"32007","BART","BART_032","4229","2015",86.1
"32009","BART","BART_032","4230","2015",15.2
"32011","BART","BART_032","4231","2015",22.1
"32013","BART","BART_032","4231A","2015",17.8
"32015","BART","BART_032","4231B","2015",17.7
"32017","BART","BART_032","4231C","2015",13.8
"32019","BART","BART_032","4232","2015",18.6
"32021","BART","BART_032","4234","2015",4.5
"32023","BART","BART_032","4238","2015",1.8
"32025","BART","BART_032","4239","2015",2.8
"32036","BART","BART_071","4258","2015",17.5
"32038","BART","BART_071","4259","2015",18
"32040","BART","BART_071","4260","2015",12.9
"32042","BART","BART_071","4261","2015",14.8
"32044","BART","BART_071","4262","2015",29.2
"32046","BART","BART_071","4263","2015",15.1
"32048","BART","BART_071","4264","2015",15.4
"32050","BART","BART_071","4265","2015",26.7
"32052","BART","BART_071","4266","2015",25.8
"32054","BART","BART_071","4267","2015",20.8
"32056","BART","BART_071","4267A","2015",20.4
"32058","BART","BART_071","4268","2015",27.6
"32060","BART","BART_071","4269","2015",20.3
"32062","BART","BART_071","4270","2015",15.6
"32064","BART","BART_071","4271","2015",17.5
"32066","BART","BART_071","4272","2015",18.5
"32080","BART","BART_046","4301","2015",21
"32082","BART","BART_046","4302","2015",15
"32084","BART","BART_046","4303","2015",18.6
"32086","BART","BART_046","4304","2015",10.8
"32088","BART","BART_046","4305","2015",26.1
"32091","BART","BART_046","4306","2015",32.8
"32093","BART","BART_046","4307","2015",16.8
"32095","BART","BART_046","4308","2015",25.4
"32097","BART","BART_046","4309","2015",14
"32099","BART","BART_046","4310","2015",20.7
"32102","BART","BART_046","4312","2015",11.2
"32104","BART","BART_046","4313","2015",12
"32106","BART","BART_046","4314","2015",25
"32108","BART","BART_046","4315","2015",29.5
"32110","BART","BART_046","4316","2015",23
"32112","BART","BART_046","4317","2015",12.5
"32114","BART","BART_046","4318","2015",24.5
"32116","BART","BART_046","4319","2015",11
"32118","BART","BART_046","4320","2015",27.7
"32120","BART","BART_046","4321","2015",23.6
"32122","BART","BART_046","4322","2015",24.4
"32124","BART","BART_046","4323","2015",38.5
"32126","BART","BART_046","4324","2015",14.1
"32128","BART","BART_046","4325","2015",16.4
"32130","BART","BART_046","4326","2015",12.3
"32132","BART","BART_046","4328","2015",29.7
"32134","BART","BART_046","4329","2015",11.8
"32136","BART","BART_046","4330","2015",49.5
"32138","BART","BART_046","4333","2015",11.5
"32140","BART","BART_046","4334","2015",14.3
"32142","BART","BART_046","4335","2015",32.5
"32144","BART","BART_046","4336","2015",20.2
"32146","BART","BART_046","4337","2015",14.3
"32148","BART","BART_046","4338","2015",10.1
"32150","BART","BART_046","4339","2015",27.3
"32152","BART","BART_046","4340","2015",17.7
"32154","BART","BART_046","4341","2015",9.8
"32156","BART","BART_046","4342","2015",29.5
"32158","BART","BART_046","4343","2015",28.9
"32160","BART","BART_046","4344","2015",17
"32162","BART","BART_046","4345","2015",22.8
"32164","BART","BART_046","4346","2015",12.8
"32167","BART","BART_046","4348","2015",35.9
"32169","BART","BART_046","4349","2015",39.8
"32171","BART","BART_046","4350","2015",27.4
"32173","BART","BART_046","4351","2015",50.8
"32175","BART","BART_046","4352","2015",13.8
"32177","BART","BART_046","4353","2015",59
"32179","BART","BART_046","4354","2015",18.4
"32181","BART","BART_046","4355","2015",36.5
"32183","BART","BART_046","4356","2015",16.5
"32185","BART","BART_046","4356","2015",27.3
"32187","BART","BART_046","4357","2015",27.7
"32189","BART","BART_046","4358","2015",20.6
"32191","BART","BART_046","4360","2015",2
"32194","BART","BART_046","4360","2015",7.2
"32197","BART","BART_046","4360","2015",2.5
"32200","BART","BART_046","4361","2015",1.5
"32203","BART","BART_046","4364","2015",5.2
"32205","BART","BART_046","4365","2015",9.5
"32207","BART","BART_046","4366","2015",9.4
"32209","BART","BART_046","4367","2015",1
"32211","BART","BART_046","4369","2015",8.5
"32213","BART","BART_046","4370","2015",8
"32215","BART","BART_046","4372","2015",9
"32217","BART","BART_046","4373","2015",1.1
"32219","BART","BART_046","4373","2015",2.1
"32221","BART","BART_046","4375","2015",9.1
"32223","BART","BART_046","4378","2015",4.1
"32225","BART","BART_046","4381","2015",2.7
"32227","BART","BART_046","4385","2015",2
"32229","BART","BART_046","4389","2015",6
"32231","BART","BART_046","4390","2015",2
"32234","BART","BART_046","4392","2015",1.6
"32236","BART","BART_046","4393","2015",2.6
"32240","BART","BART_046","4444","2015",14.1
"32242","BART","BART_046","4445","2015",19.5
"32244","BART","BART_046","4446","2015",10.5
"32246","BART","BART_046","4447","2015",10.2
"32248","BART","BART_046","4448","2015",33.4
"32250","BART","BART_046","4449","2015",36.1
"32252","BART","BART_046","4450","2015",13.8
"32254","BART","BART_046","4451","2015",24.6
"32256","BART","BART_046","4452","2015",32.5
"32258","BART","BART_046","4454","2015",1.9
"32260","BART","BART_046","4458","2015",2.1
"32262","BART","BART_046","4459","2015",1.7
"32264","BART","BART_046","4463","2015",1.1
"32266","BART","BART_046","4466","2015",8.4
"32268","BART","BART_046","4470","2015",8
"32271","BART","BART_046","4470","2015",1.3
"32274","BART","BART_046","4471","2015",6.3
"32276","BART","BART_046","4472","2015",1.1
"32278","BART","BART_046","4476","2015",1.3
"32280","BART","BART_046","4482","2015",3.3
"32282","BART","BART_046","4484","2015",1.7
"32284","BART","BART_046","4489","2015",1.7
"32286","BART","BART_046","4490","2015",2
"32288","BART","BART_046","4491","2015",1.6
"32290","BART","BART_046","4492","2015",11
"32292","BART","BART_046","4493","2015",25.8
"32294","BART","BART_075","4494","2015",11.1
"32296","BART","BART_075","4496","2015",32.3
"32298","BART","BART_075","4496A","2015",17
"32300","BART","BART_075","4497","2015",46
"32302","BART","BART_075","4498","2015",31
"32304","BART","BART_075","4499","2015",27.5
"32306","BART","BART_075","4500","2015",15.5
"32308","BART","BART_033","4501","2015",2.1
"32310","BART","BART_033","4502","2015",2.9
"32312","BART","BART_033","4503","2015",1.3
"32314","BART","BART_033","4506","2015",3
"32316","BART","BART_033","4507","2015",1.4
"32318","BART","BART_033","4509","2015",2.2
"32320","BART","BART_033","4510","2015",8.4
"32322","BART","BART_033","4511","2015",1.6
"32324","BART","BART_033","4512","2015",3
"32326","BART","BART_033","4514","2015",48.6
"32328","BART","BART_033","4515","2015",35.5
"32330","BART","BART_033","4516","2015",2.2
"32333","BART","BART_033","4517","2015",2.9
"32335","BART","BART_033","4518","2015",1.8
"32337","BART","BART_047","4519","2015",1.2
"32340","BART","BART_033","4520","2015",2.4
"32342","BART","BART_033","4521","2015",2.4
"32344","BART","BART_041","4522","2015",2.5
"32346","BART","BART_033","4523","2015",5.4
"32348","BART","BART_041","4524","2015",2.6
"32350","BART","BART_033","4525","2015",2.2
"32353","BART","BART_040","4527","2015",23.3
"32355","BART","BART_033","4529","2015",16.8
"32357","BART","BART_040","4531","2015",11.5
"32430","BART","BART_046","5013","2015",12.9
"32432","BART","BART_046","5015","2015",9.2
"32482","BART","BART_044","5088","2015",12.2
"32484","BART","BART_044","5089","2015",30.2
"32486","BART","BART_037","5089","2015",17.3
"32488","BART","BART_044","5090","2015",14
"32490","BART","BART_044","5091","2015",25.8
"32492","BART","BART_044","5092","2015",16.1
"32494","BART","BART_044","5092","2015",12.1
"32496","BART","BART_044","5093","2015",19.5
"32498","BART","BART_044","5095","2015",12.7
"32500","BART","BART_044","5096","2015",26.1
"32502","BART","BART_044","5097","2015",14.3
"32504","BART","BART_044","5098","2015",21
"32506","BART","BART_044","5099","2015",22.6
"32508","BART","BART_044","5100","2015",10
"32516","BART","BART_074","5119","2015",37.3
"32518","BART","BART_074","5120","2015",17.3
"32520","BART","BART_074","5121","2015",12.8
"32522","BART","BART_074","5122","2015",17.1
"32526","BART","BART_074","5130","2015",42.1
"32528","BART","BART_074","5131","2015",34.6
"32530","BART","BART_074","5132","2015",33.9
"32532","BART","BART_074","5133","2015",16.7
"32534","BART","BART_074","5134","2015",19.1
"32536","BART","BART_074","5135","2015",35.1
"32538","BART","BART_074","5136","2015",40.8
"32540","BART","BART_074","5137","2015",13.6
"32542","BART","BART_074","5139","2015",12.4
"32544","BART","BART_074","5140","2015",30.4
"32546","BART","BART_074","5141","2015",28
"32548","BART","BART_074","5142","2015",39.9
"32550","BART","BART_074","5143","2015",17.5
"32552","BART","BART_074","5144","2015",28.5
"32554","BART","BART_074","5145","2015",47.8
"32556","BART","BART_074","5146","2015",34.1
"32558","BART","BART_074","5147","2015",33.8
"32560","BART","BART_074","5149","2015",34.9
"32562","BART","BART_074","5150","2015",22.7
"32564","BART","BART_074","5151","2015",9.7
"32566","BART","BART_074","5154","2015",1.4
"32568","BART","BART_074","5159","2015",2.2
"32571","BART","BART_074","5161","2015",1.1
"32573","BART","BART_074","5162","2015",7.6
"32575","BART","BART_074","5165","2015",2.7
"32577","BART","BART_074","5166","2015",8.5
"32579","BART","BART_074","5173","2015",1
"32588","BART","BART_074","5201","2015",19.5
"32590","BART","BART_074","5202","2015",33.5
"32592","BART","BART_074","5203","2015",11.3
"32594","BART","BART_074","5204","2015",15.2
"32596","BART","BART_074","5205","2015",10.5
"32598","BART","BART_074","5206","2015",54.7
"32600","BART","BART_074","5207","2015",31.6
"32602","BART","BART_074","5208","2015",36.4
"32604","BART","BART_074","5209","2015",23.7
"32606","BART","BART_074","5210","2015",37.9
"32608","BART","BART_074","5211","2015",33.1
"32610","BART","BART_074","5212","2015",22.9
"32612","BART","BART_074","5213","2015",17.4
"32614","BART","BART_074","5214","2015",11.7
"32616","BART","BART_074","5215","2015",14
"32618","BART","BART_074","5216","2015",26
"32620","BART","BART_074","5217","2015",16.6
"32622","BART","BART_074","5218","2015",13.6
"32624","BART","BART_074","5219","2015",26.4
"32626","BART","BART_074","5220","2015",18.5
"32628","BART","BART_074","5221","2015",30.5
"32630","BART","BART_074","5222","2015",15.9
"32632","BART","BART_074","5223","2015",17.8
"32634","BART","BART_037","5223","2015",2
"32636","BART","BART_074","5224","2015",5.4
"32672","BART","BART_044","5289","2015",36.4
"32674","BART","BART_044","5290","2015",10.1
"32676","BART","BART_044","5291","2015",20.6
"32678","BART","BART_044","5292","2015",11
"32680","BART","BART_044","5293","2015",23.4
"32682","BART","BART_044","5294","2015",12.7
"32684","BART","BART_044","5295","2015",26.7
"32686","BART","BART_044","5296","2015",16.9
"32688","BART","BART_044","5297","2015",33
"32690","BART","BART_044","5298","2015",17.1
"32692","BART","BART_044","5299","2015",13.6
"32694","BART","BART_044","5300","2015",17
"32696","BART","BART_044","5301","2015",4.1
"32698","BART","BART_044","5302","2015",6
"32700","BART","BART_044","5303","2015",7.9
"32702","BART","BART_044","5304","2015",2.4
"32704","BART","BART_044","5305","2015",2.4
"32706","BART","BART_044","5306","2015",7.5
"32708","BART","BART_044","5307","2015",7.6
"32710","BART","BART_044","5308","2015",8.9
"32712","BART","BART_044","5309","2015",3
"32714","BART","BART_042","5311","2015",7.5
"32716","BART","BART_044","5312","2015",3.4
"32718","BART","BART_044","5314","2015",3
"32720","BART","BART_044","5316","2015",3.8
"32722","BART","BART_032","5316","2015",10.7
"32724","BART","BART_044","5317","2015",7.4
"32726","BART","BART_044","5318","2015",6.3
"32728","BART","BART_044","5320","2015",2.3
"32730","BART","BART_044","5324","2015",1.9
"32732","BART","BART_044","5326","2015",9.5
"32734","BART","BART_044","5328","2015",4.9
"32736","BART","BART_044","5329","2015",5
"32738","BART","BART_044","5332","2015",5.8
"32740","BART","BART_044","5333","2015",3.5
"32742","BART","BART_044","5340","2015",2.5
"32745","BART","BART_044","5343","2015",6.5
"32748","BART","BART_044","5345","2015",8.5
"32750","BART","BART_072","5354","2015",34.4
"32752","BART","BART_072","5355","2015",12.2
"32754","BART","BART_072","5356","2015",22.5
"32756","BART","BART_072","5357","2015",27
"32758","BART","BART_072","5358","2015",30
"32760","BART","BART_072","5359","2015",22.2
"32762","BART","BART_072","5360","2015",18.1
"32764","BART","BART_072","5361","2015",10.5
"32766","BART","BART_072","5362","2015",19.5
"32768","BART","BART_072","5363","2015",26.7
"32770","BART","BART_072","5364","2015",19.9
"32772","BART","BART_072","5365","2015",10.4
"32774","BART","BART_072","5366","2015",1.6
"32776","BART","BART_072","5368","2015",1.4
"32778","BART","BART_072","5369","2015",2
"32780","BART","BART_072","5371","2015",30.1
"32782","BART","BART_072","5372","2015",13.9
"32784","BART","BART_072","5373","2015",24.7
"32786","BART","BART_072","5377","2015",8.2
"32788","BART","BART_072","5378","2015",32.9
"32790","BART","BART_072","5379","2015",13.6
"32793","BART","BART_072","5381","2015",22.9
"32796","BART","BART_072","5382","2015",32
"32798","BART","BART_072","5383","2015",16.3
"32800","BART","BART_072","5384","2015",31.4
"32802","BART","BART_072","5385","2015",10.8
"32804","BART","BART_072","5386","2015",63.3
"32806","BART","BART_072","5387","2015",53.5
"32808","BART","BART_072","5388","2015",48.5
"32810","BART","BART_072","5389","2015",47.7
"32812","BART","BART_072","5390","2015",14.7
"32814","BART","BART_072","5391","2015",52.4
"32816","BART","BART_072","5392","2015",19
"32818","BART","BART_072","5393","2015",33.8
"32820","BART","BART_072","5394","2015",47.7
"32822","BART","BART_072","5395","2015",11.2
"32824","BART","BART_072","5396","2015",40
"32826","BART","BART_072","5397","2015",18.7
"32828","BART","BART_072","5398","2015",18.6
"32830","BART","BART_072","5399","2015",5.9
"32832","BART","BART_072","5400","2015",8
"32836","BART","BART_044","5401","2015",12.3
"32838","BART","BART_044","5402","2015",10
"32840","BART","BART_044","5403","2015",19.3
"32842","BART","BART_044","5404","2015",10.6
"32844","BART","BART_044","5405","2015",21.5
"32846","BART","BART_044","5406","2015",11.8
"32848","BART","BART_044","5407","2015",10.5
"32850","BART","BART_044","5408","2015",55.2
"32852","BART","BART_044","5409","2015",36.6
"32854","BART","BART_044","5410","2015",21.2
"32856","BART","BART_044","5411","2015",39.5
"32858","BART","BART_044","5412","2015",19.8
"32860","BART","BART_044","5413","2015",13.3
"32862","BART","BART_044","5414","2015",21.9
"32864","BART","BART_044","5414A","2015",14
"32866","BART","BART_044","5415","2015",12.5
"32868","BART","BART_044","5416","2015",53
"32870","BART","BART_044","5417","2015",15.6
"32872","BART","BART_044","5418","2015",28
"32874","BART","BART_044","5419","2015",12.3
"32876","BART","BART_044","5420","2015",28.8
"32878","BART","BART_044","5421","2015",12
"32880","BART","BART_044","5422","2015",13.5
"32882","BART","BART_044","5423","2015",37.7
"32884","BART","BART_044","5423","2015",38.3
"32886","BART","BART_044","5427","2015",15.5
"32888","BART","BART_044","5429","2015",22
"32890","BART","BART_044","5430","2015",21
"32892","BART","BART_044","5431","2015",21.1
"32894","BART","BART_044","5432","2015",12.1
"32896","BART","BART_044","5433","2015",10
"32899","BART","BART_044","5434","2015",14.3
"32901","BART","BART_044","5435","2015",25.5
"32903","BART","BART_044","5436","2015",20.3
"32905","BART","BART_044","5437","2015",24.3
"32907","BART","BART_044","5438","2015",12.1
"32909","BART","BART_044","5439","2015",24.6
"32911","BART","BART_044","5440","2015",27
"32913","BART","BART_044","5441","2015",24.1
"32915","BART","BART_044","5442","2015",13.4
"32917","BART","BART_044","5443","2015",29.2
"32919","BART","BART_044","5444","2015",41.7
"32922","BART","BART_044","5445","2015",8
"32924","BART","BART_044","5447","2015",5.6
"32926","BART","BART_044","5448","2015",7.8
"32928","BART","BART_044","5449","2015",5.3
"32930","BART","BART_044","5450","2015",9.7
"32932","BART","BART_044","5451","2015",1.9
"32934","BART","BART_044","5452","2015",8.5
"32936","BART","BART_044","5453","2015",2.7
"32938","BART","BART_044","5458","2015",1
"32940","BART","BART_044","5459","2015",6.5
"32942","BART","BART_044","5460","2015",4.8
"32944","BART","BART_044","5461","2015",7.8
"32947","BART","BART_044","5463","2015",3.1
"32949","BART","BART_044","5467","2015",8
"32951","BART","BART_044","5468","2015",5
"32953","BART","BART_044","5469","2015",8
"32958","BART","BART_072","5478","2015",14
"32960","BART","BART_072","5479","2015",19.1
"32962","BART","BART_072","5480","2015",34.4
"32964","BART","BART_072","5481","2015",22.1
"32966","BART","BART_072","5482","2015",16.8
"32968","BART","BART_072","5484","2015",26.2
"32970","BART","BART_072","5485","2015",39.5
"32972","BART","BART_072","5486","2015",34.6
"32974","BART","BART_072","5487","2015",17.6
"32976","BART","BART_072","5488","2015",17.2
"32978","BART","BART_072","5489","2015",60.5
"32980","BART","BART_072","5490","2015",2.2
"32982","BART","BART_072","5491","2015",4.7
"32984","BART","BART_072","5495","2015",25.1
"32986","BART","BART_072","5496","2015",22
"32988","BART","BART_072","5498","2015",6.5
"32990","BART","BART_072","5499","2015",15.9
"32992","BART","BART_072","5500","2015",13.8
"32996","BART","BART_047","6064","2015",2.4
"32998","BART","BART_047","6065","2015",1.9
"33000","BART","BART_047","6066","2015",4.3
"33002","BART","BART_047","6067","2015",4
"33004","BART","BART_047","6068","2015",13.9
"33006","BART","BART_047","6069","2015",3.3
"33008","BART","BART_047","6070","2015",1.8
"33019","BART","BART_047","6079","2015",7.6
"33022","BART","BART_047","6081","2015",3.6
"33036","BART","BART_033","6101","2015",41.2
"33038","BART","BART_033","6102","2015",16.3
"33040","BART","BART_033","6102A","2015",10.4
"33042","BART","BART_033","6103","2015",11.8
"33044","BART","BART_033","6104","2015",29.3
"33046","BART","BART_033","6105","2015",18
"33048","BART","BART_033","6106","2015",23.9
"33050","BART","BART_033","6107","2015",16.7
"33052","BART","BART_033","6108","2015",15.7
"33054","BART","BART_033","6109","2015",40.5
"33056","BART","BART_033","6110","2015",21
"33058","BART","BART_033","6113","2015",3
"33060","BART","BART_033","6116","2015",2.2
"33062","BART","BART_033","6117","2015",18.2
"33065","BART","BART_033","6119","2015",42.9
"33067","BART","BART_033","6120","2015",1.6
"33069","BART","BART_033","6122","2015",2
"33071","BART","BART_033","6123","2015",28.9
"33073","BART","BART_033","6125","2015",2.8
"33075","BART","BART_033","6126","2015",15.8
"33077","BART","BART_033","6128","2015",3.9
"33080","BART","BART_033","6130","2015",2
"33082","BART","BART_033","6132","2015",1.9
"33084","BART","BART_047","6133","2015",10
"33086","BART","BART_047","6134","2015",27.7
"33088","BART","BART_047","6135","2015",15.9
"33090","BART","BART_047","6136","2015",12
"33092","BART","BART_047","6137","2015",33.5
"33094","BART","BART_047","6138","2015",19.2
"33096","BART","BART_047","6139","2015",30.1
"33098","BART","BART_047","6143","2015",9.7
"33100","BART","BART_047","6144","2015",30.4
"33102","BART","BART_047","6145","2015",10.6
"33104","BART","BART_047","6146","2015",10.5
"33106","BART","BART_047","6147","2015",28.3
"33108","BART","BART_047","6148","2015",28.1
"33110","BART","BART_047","6149","2015",13.4
"33112","BART","BART_047","6150","2015",44
"33114","BART","BART_047","6151","2015",57.8
"33116","BART","BART_047","6152","2015",28.1
"33118","BART","BART_047","6153","2015",10
"33120","BART","BART_047","6154","2015",47
"33122","BART","BART_047","6155","2015",11.1
"33124","BART","BART_047","6156","2015",6.6
"33126","BART","BART_047","6157","2015",1.9
"33128","BART","BART_047","6158","2015",6
"33130","BART","BART_047","6159","2015",5
"33132","BART","BART_047","6160","2015",2.4
"33134","BART","BART_047","6161","2015",1.2
"33136","BART","BART_047","6162","2015",5.8
"33138","BART","BART_047","6163","2015",8.6
"33140","BART","BART_047","6164","2015",1.3
"33142","BART","BART_047","6165","2015",3.1
"33144","BART","BART_047","6166","2015",1.3
"33146","BART","BART_047","6167","2015",2.6
"33148","BART","BART_047","6168","2015",1.5
"33150","BART","BART_047","6169","2015",5.7
"33152","BART","BART_047","6170","2015",8.7
"33154","BART","BART_047","6171","2015",3.4
"33156","BART","BART_047","6173","2015",2.9
"33158","BART","BART_047","6174","2015",2.1
"33160","BART","BART_047","6175","2015",2.2
"33162","BART","BART_047","6176","2015",2.3
"33164","BART","BART_047","6177","2015",2.3
"33166","BART","BART_047","6178","2015",2.4
"33168","BART","BART_047","6179","2015",3.1
"33171","BART","BART_047","6183","2015",1.4
"33173","BART","BART_047","6186","2015",2.5
"33176","BART","BART_047","6190","2015",2.1
"33178","BART","BART_047","6191","2015",6.3
"33180","BART","BART_047","6192","2015",4.9
"33182","BART","BART_047","6193","2015",1.6
"33184","BART","BART_047","6194","2015",1.6
"33186","BART","BART_047","6195","2015",5.3
"33188","BART","BART_047","6196","2015",4.3
"33190","BART","BART_047","6197","2015",2.8
"33192","BART","BART_047","6198","2015",25.8
"33194","BART","BART_047","6199","2015",10.2
"33196","BART","BART_047","6200","2015",27
"33202","BART","BART_033","6299","2015",19.1
"33204","BART","BART_033","6300","2015",32.2
"33206","BART","BART_034","801","2015",13.2
"33208","BART","BART_034","802","2015",38
"33210","BART","BART_034","803","2015",39.3
"33212","BART","BART_034","804","2015",35
"33214","BART","BART_034","805","2015",41
"33216","BART","BART_034","805A","2015",39.4
"33219","BART","BART_034","807","2015",12
"33221","BART","BART_034","808","2015",19.3
"33223","BART","BART_041","809","2015",43.6
"33225","BART","BART_041","809A","2015",39.6
"33227","BART","BART_041","810","2015",14
"33229","BART","BART_041","811","2015",27.4
"33231","BART","BART_041","875","2015",19.3
"33233","BART","BART_034","876","2015",35
"33235","BART","BART_034","877","2015",45
"33237","BART","BART_034","944","2015",28
"33239","BART","BART_073","994","2015",11.7
"33241","BART","BART_041","996","2015",27.8
"33279","TREE","TREE_047","1076","2015",4.5
"33349","TREE","TREE_047","1286","2015",27.4
"33351","TREE","TREE_039","1286","2015",9.7
"33387","TREE","TREE_039","1425","2015",7.6
"33390","TREE","TREE_051","143","2015",8.4
"33539","TREE","TREE_050","6","2015",1.6
