"","siteID","plotID","subplotID","nestedSubplotID","tagID","treeID","dbh.15","measurementHeight.15","stemStatus.15","growthForm"
"9259","GRSM","GRSM_047",21,4,"1243","GRSM_047_1243",1.6,130,1,NA
"9260","GRSM","GRSM_047",21,4,"1245","GRSM_047_1245",13.2,130,1,NA
"9261","GRSM","GRSM_047",21,4,"1249","GRSM_047_1249",2.3,130,1,NA
"9262","GRSM","GRSM_047",21,4,"1250","GRSM_047_1250",41,130,1,NA
"9263","GRSM","GRSM_047",21,4,"1251","GRSM_047_1251",12,130,1,NA
"9264","GRSM","GRSM_047",21,4,"1255","GRSM_047_1255",4.6,130,1,NA
"9265","GRSM","GRSM_047",21,4,"1257","GRSM_047_1257",1.6,130,1,NA
"9266","GRSM","GRSM_047",21,4,"1261","GRSM_047_1261",27,130,1,NA
"9267","GRSM","GRSM_047",21,4,"1263","GRSM_047_1263",2.3,130,1,NA
"9268","GRSM","GRSM_047",21,4,"1264","GRSM_047_1264",33,130,2,NA
"9269","GRSM","GRSM_047",21,4,"1266","GRSM_047_1266",3.6,130,1,NA
"9270","GRSM","GRSM_047",21,4,"1268","GRSM_047_1268",15.5,130,1,NA
"9271","GRSM","GRSM_047",21,4,"1269","GRSM_047_1269",35.2,130,1,NA
"9272","GRSM","GRSM_047",21,4,"1270","GRSM_047_1270",32.6,130,1,NA
"9273","GRSM","GRSM_047",21,NA,"1271","GRSM_047_1271",13,130,1,NA
"9274","GRSM","GRSM_047",21,NA,"1272","GRSM_047_1272",21.2,130,1,NA
"9275","GRSM","GRSM_047",21,NA,"1273","GRSM_047_1273",10.5,130,1,NA
"9276","GRSM","GRSM_047",21,3,"1274","GRSM_047_1274",15.4,130,1,NA
"9277","GRSM","GRSM_047",21,NA,"1275","GRSM_047_1275",11.1,130,1,NA
"9278","GRSM","GRSM_047",21,4,"1276","GRSM_047_1276",17.4,130,5,NA
"9279","GRSM","GRSM_047",21,4,"1277","GRSM_047_1277",15,130,1,NA
"9280","GRSM","GRSM_047",21,4,"1278","GRSM_047_1278",17.6,130,1,NA
"9281","GRSM","GRSM_047",21,4,"1279","GRSM_047_1279",10.1,130,1,NA
"9282","GRSM","GRSM_047",21,4,"1280","GRSM_047_1280",18.5,130,1,NA
"9283","GRSM","GRSM_047",21,4,"1281","GRSM_047_1281",17.9,130,1,NA
"9284","GRSM","GRSM_047",21,2,"1282","GRSM_047_1282",14.2,130,1,NA
"9285","GRSM","GRSM_047",21,2,"1283","GRSM_047_1283",11.8,130,1,NA
"9286","GRSM","GRSM_047",21,2,"1283A","GRSM_047_1283A",10.1,130,1,NA
"9287","GRSM","GRSM_047",21,3,"1284","GRSM_047_1284",14.6,130,1,NA
"9288","GRSM","GRSM_047",21,NA,"1285","GRSM_047_1285",13.7,130,1,NA
"9289","GRSM","GRSM_047",21,NA,"1286","GRSM_047_1286",11.2,130,1,NA
"9290","GRSM","GRSM_047",21,NA,"1287","GRSM_047_1287",21.7,130,1,NA
"9291","GRSM","GRSM_047",21,NA,"1288","GRSM_047_1288",17.6,130,1,NA
"9292","GRSM","GRSM_047",21,NA,"1289","GRSM_047_1289",45.2,130,1,NA
"9293","GRSM","GRSM_047",21,NA,"1290","GRSM_047_1290",23,130,2,NA
"9294","GRSM","GRSM_047",21,NA,"1291","GRSM_047_1291",10.3,130,1,NA
"9295","GRSM","GRSM_047",21,NA,"1292","GRSM_047_1292",11.5,130,1,NA
"9296","GRSM","GRSM_047",21,NA,"1293","GRSM_047_1293",10.2,130,1,NA
"9297","GRSM","GRSM_047",21,NA,"1294","GRSM_047_1294",12.2,130,1,NA
"9298","GRSM","GRSM_047",21,NA,"1295","GRSM_047_1295",13.6,130,1,NA
"9299","GRSM","GRSM_047",21,NA,"1296","GRSM_047_1296",13.3,130,1,NA
"9300","GRSM","GRSM_047",21,NA,"1297","GRSM_047_1297",4.1,130,1,NA
"9301","GRSM","GRSM_047",21,NA,"1299","GRSM_047_1299",11.8,130,1,NA
"9302","GRSM","GRSM_047",39,1,"1307","GRSM_047_1307",26.3,130,1,NA
"9303","GRSM","GRSM_047",39,1,"1312","GRSM_047_1312",4.4,130,1,NA
"9304","GRSM","GRSM_047",39,NA,"1318","GRSM_047_1318",9.7,130,1,NA
"9305","GRSM","GRSM_047",39,NA,"1319","GRSM_047_1319",31.2,130,2,NA
"9306","GRSM","GRSM_047",39,NA,"1320","GRSM_047_1320",47.3,130,2,NA
"9307","GRSM","GRSM_047",39,NA,"1321","GRSM_047_1321",12.4,130,1,NA
"9308","GRSM","GRSM_047",39,NA,"1322","GRSM_047_1322",14.8,130,1,NA
"9309","GRSM","GRSM_047",39,NA,"1323","GRSM_047_1323",14.7,130,1,NA
"9310","GRSM","GRSM_047",39,1,"1324","GRSM_047_1324",11.9,130,1,NA
"9311","GRSM","GRSM_047",39,1,"1325","GRSM_047_1325",16.9,130,2,NA
"9312","GRSM","GRSM_047",39,1,"1326","GRSM_047_1326",19.1,130,1,NA
"9313","GRSM","GRSM_047",39,NA,"1327","GRSM_047_1327",35.5,130,1,NA
"9314","GRSM","GRSM_047",39,4,"1328","GRSM_047_1328",24.7,130,1,NA
"9315","GRSM","GRSM_047",39,4,"1329","GRSM_047_1329",14.5,130,1,NA
"9316","GRSM","GRSM_047",39,2,"1330","GRSM_047_1330",11,130,1,NA
"9317","GRSM","GRSM_047",39,2,"1331","GRSM_047_1331",25.3,130,1,NA
"9318","GRSM","GRSM_047",39,2,"1331A","GRSM_047_1331A",19.6,130,1,NA
"9319","GRSM","GRSM_047",39,NA,"1332","GRSM_047_1332",15.3,130,1,NA
"9320","GRSM","GRSM_047",39,NA,"1333","GRSM_047_1333",24.2,130,1,NA
"9321","GRSM","GRSM_047",39,NA,"1334","GRSM_047_1334",16,130,1,NA
"9322","GRSM","GRSM_047",39,NA,"1335","GRSM_047_1335",27.7,130,1,NA
"9323","GRSM","GRSM_047",39,NA,"1336","GRSM_047_1336",38,130,1,NA
"9324","GRSM","GRSM_047",39,NA,"1336A","GRSM_047_1336A",23,130,1,NA
"9325","GRSM","GRSM_047",39,NA,"1338","GRSM_047_1338",1.3,130,1,NA
"9326","GRSM","GRSM_047",39,NA,"1339","GRSM_047_1339",26.2,130,1,NA
"9327","GRSM","GRSM_047",39,NA,"1340","GRSM_047_1340",7.5,130,1,NA
"9328","GRSM","GRSM_047",39,NA,"1341","GRSM_047_1341",10.9,130,1,NA
"9329","GRSM","GRSM_047",39,NA,"1344","GRSM_047_1344",1.4,130,1,NA
"9330","GRSM","GRSM_047",39,3,"1345","GRSM_047_1345",8.9,130,1,NA
"9331","GRSM","GRSM_047",39,3,"1346","GRSM_047_1346",2,130,1,NA
"9332","GRSM","GRSM_048",23,2,"106","GRSM_048_106",2.5,130,1,NA
"9333","GRSM","GRSM_048",23,2,"107","GRSM_048_107",34.1,130,1,NA
"9334","GRSM","GRSM_048",23,2,"108","GRSM_048_108",1.3,130,1,NA
"9335","GRSM","GRSM_048",23,2,"109","GRSM_048_109",1.5,130,1,NA
"9336","GRSM","GRSM_048",23,2,"110","GRSM_048_110",1.5,130,1,NA
"9337","GRSM","GRSM_048",23,2,"111","GRSM_048_111",4.1,130,1,NA
"9338","GRSM","GRSM_048",23,2,"112","GRSM_048_112",1.2,130,1,NA
"9339","GRSM","GRSM_048",23,2,"113","GRSM_048_113",47.5,130,1,NA
"9340","GRSM","GRSM_048",23,2,"114","GRSM_048_114",5,130,1,NA
"9341","GRSM","GRSM_048",23,2,"115","GRSM_048_115",8.4,130,1,NA
"9342","GRSM","GRSM_048",23,2,"117","GRSM_048_117",1.6,130,1,NA
"9343","GRSM","GRSM_048",23,2,"118","GRSM_048_118",9.8,130,1,NA
"9344","GRSM","GRSM_048",23,2,"118A","GRSM_048_118A",9.4,130,1,NA
"9345","GRSM","GRSM_048",23,2,"119","GRSM_048_119",15.5,130,1,NA
"9346","GRSM","GRSM_048",23,2,"122","GRSM_048_122",1.6,130,1,NA
"9347","GRSM","GRSM_048",23,2,"124","GRSM_048_124",18,130,2,NA
"9348","GRSM","GRSM_048",23,2,"125","GRSM_048_125",16,130,1,NA
"9349","GRSM","GRSM_048",23,4,"126","GRSM_048_126",7.5,130,1,NA
"9350","GRSM","GRSM_048",23,4,"129","GRSM_048_129",40.6,130,1,NA
"9351","GRSM","GRSM_048",23,4,"130","GRSM_048_130",1.1,130,1,NA
"9352","GRSM","GRSM_048",23,4,"137","GRSM_048_137",50.2,130,1,NA
"9353","GRSM","GRSM_048",23,4,"142","GRSM_048_142",1.9,130,1,NA
"9354","GRSM","GRSM_048",23,4,"143","GRSM_048_143",3.4,130,1,NA
"9355","GRSM","GRSM_048",23,3,"144","GRSM_048_144",47.3,130,1,NA
"9356","GRSM","GRSM_048",23,3,"145","GRSM_048_145",44,130,1,NA
"9357","GRSM","GRSM_048",23,3,"146","GRSM_048_146",43.9,130,1,NA
"9358","GRSM","GRSM_048",23,3,"147","GRSM_048_147",14.7,130,1,NA
"9359","GRSM","GRSM_048",23,1,"148","GRSM_048_148",14.6,130,1,NA
"9360","GRSM","GRSM_048",23,1,"149","GRSM_048_149",54.8,130,1,NA
"9361","GRSM","GRSM_048",23,1,"150","GRSM_048_150",17.1,130,1,NA
"9362","GRSM","GRSM_048",23,1,"151","GRSM_048_151",47.5,130,1,NA
"9363","GRSM","GRSM_048",23,1,"152","GRSM_048_152",13.9,130,1,NA
"9364","GRSM","GRSM_048",41,4,"153","GRSM_048_153",17.7,130,1,NA
"9365","GRSM","GRSM_048",41,4,"154","GRSM_048_154",13.4,130,1,NA
"9366","GRSM","GRSM_048",41,4,"155","GRSM_048_155",17.5,130,1,NA
"9367","GRSM","GRSM_048",41,4,"156","GRSM_048_156",4,130,1,NA
"9368","GRSM","GRSM_048",41,4,"159","GRSM_048_159",3.1,130,1,NA
"9369","GRSM","GRSM_048",41,4,"160","GRSM_048_160",9,130,1,NA
"9370","GRSM","GRSM_048",41,4,"161","GRSM_048_161",51.4,130,1,NA
"9371","GRSM","GRSM_048",41,3,"162","GRSM_048_162",29,130,1,NA
"9372","GRSM","GRSM_048",41,3,"163","GRSM_048_163",14.4,130,1,NA
"9373","GRSM","GRSM_048",41,3,"164","GRSM_048_164",27.1,130,1,NA
"9374","GRSM","GRSM_048",41,3,"165","GRSM_048_165",17.5,130,1,NA
"9375","GRSM","GRSM_048",41,1,"166","GRSM_048_166",98.9,130,1,NA
"9376","GRSM","GRSM_048",41,1,"167","GRSM_048_167",18.7,130,1,NA
"9377","GRSM","GRSM_048",41,1,"168","GRSM_048_168",2.2,130,1,NA
"9378","GRSM","GRSM_048",41,1,"169","GRSM_048_169",3.5,130,1,NA
"9379","GRSM","GRSM_048",41,1,"173","GRSM_048_173",26.1,130,1,NA
"9380","GRSM","GRSM_048",41,1,"177","GRSM_048_177",8.5,130,1,NA
"9381","GRSM","GRSM_048",41,1,"178","GRSM_048_178",6.5,130,1,NA
"9382","GRSM","GRSM_048",41,1,"179","GRSM_048_179",2.1,130,1,NA
"9383","GRSM","GRSM_048",41,1,"180","GRSM_048_180",1.9,130,1,NA
"9384","GRSM","GRSM_048",41,1,"182","GRSM_048_182",4.4,130,1,NA
"9385","GRSM","GRSM_048",41,1,"185","GRSM_048_185",9.3,130,1,NA
"9386","GRSM","GRSM_048",41,1,"186","GRSM_048_186",16.2,130,1,NA
"9387","GRSM","GRSM_048",41,1,"189","GRSM_048_189",2.8,130,1,NA
"9388","GRSM","GRSM_048",41,2,"190","GRSM_048_190",81,130,1,NA
"9389","GRSM","GRSM_048",41,2,"191","GRSM_048_191",65.5,130,1,NA
"9390","GRSM","GRSM_048",41,2,"192","GRSM_048_192",27.1,130,2,NA
"9391","GRSM","GRSM_048",41,2,"193","GRSM_048_193",30.5,130,1,NA
"9392","GRSM","GRSM_048",41,2,"194","GRSM_048_194",37.4,130,1,NA
"9393","GRSM","GRSM_048",23,4,"195","GRSM_048_195",3,130,1,NA
"9394","GRSM","GRSM_049",21,1,"785","GRSM_049_785",59.3,130,1,NA
"9395","GRSM","GRSM_049",21,1,"786","GRSM_049_786",2,130,1,NA
"9396","GRSM","GRSM_049",21,1,"787","GRSM_049_787",3.5,130,2,NA
"9397","GRSM","GRSM_049",21,1,"788","GRSM_049_788",9.7,130,1,NA
"9398","GRSM","GRSM_049",21,1,"789","GRSM_049_789",5,130,1,NA
"9399","GRSM","GRSM_049",21,1,"792","GRSM_049_792",5.2,130,4,NA
"9400","GRSM","GRSM_049",21,1,"794","GRSM_049_794",30.8,130,1,NA
"9401","GRSM","GRSM_049",21,1,"795","GRSM_049_795",3.3,130,1,NA
"9402","GRSM","GRSM_049",21,1,"796","GRSM_049_796",20.3,130,1,NA
"9403","GRSM","GRSM_049",21,1,"797","GRSM_049_797",50.4,130,1,NA
"9404","GRSM","GRSM_049",21,1,"798","GRSM_049_798",19.7,130,1,NA
"9405","GRSM","GRSM_049",21,1,"799","GRSM_049_799",40.5,130,1,NA
"9406","GRSM","GRSM_049",21,1,"800","GRSM_049_800",33.1,130,1,NA
"9407","GRSM","GRSM_049",21,2,"801","GRSM_049_801",39.3,130,1,NA
"9408","GRSM","GRSM_049",21,2,"802","GRSM_049_802",40.3,130,7,NA
"9409","GRSM","GRSM_049",21,2,"803","GRSM_049_803",14.8,130,1,NA
"9410","GRSM","GRSM_049",21,2,"804","GRSM_049_804",12.6,130,1,NA
"9411","GRSM","GRSM_049",21,2,"805","GRSM_049_805",17.7,130,1,NA
"9412","GRSM","GRSM_049",21,2,"806","GRSM_049_806",22.3,130,2,NA
"9413","GRSM","GRSM_049",21,1,"807","GRSM_049_807",10.1,130,4,NA
"9414","GRSM","GRSM_049",21,3,"808","GRSM_049_808",19.4,130,1,NA
"9415","GRSM","GRSM_049",21,3,"809","GRSM_049_809",38.3,130,1,NA
"9416","GRSM","GRSM_049",21,3,"810","GRSM_049_810",12.4,130,1,NA
"9417","GRSM","GRSM_049",21,3,"811","GRSM_049_811",19,130,1,NA
"9418","GRSM","GRSM_049",21,3,"812","GRSM_049_812",17.7,130,1,NA
"9419","GRSM","GRSM_049",21,4,"813","GRSM_049_813",38.5,130,1,NA
"9420","GRSM","GRSM_049",21,4,"813A","GRSM_049_813A",30.3,130,1,NA
"9421","GRSM","GRSM_049",21,4,"814","GRSM_049_814",10.6,130,1,NA
"9422","GRSM","GRSM_049",21,4,"815","GRSM_049_815",27.5,130,2,NA
"9423","GRSM","GRSM_049",21,4,"816","GRSM_049_816",39.9,130,1,NA
"9424","GRSM","GRSM_049",21,4,"817","GRSM_049_817",50.6,130,1,NA
"9425","GRSM","GRSM_049",21,4,"818","GRSM_049_818",18.1,130,1,NA
"9426","GRSM","GRSM_049",21,4,"821","GRSM_049_821",9,130,1,NA
"9427","GRSM","GRSM_049",21,4,"822","GRSM_049_822",6.4,130,1,NA
"9428","GRSM","GRSM_049",21,4,"823","GRSM_049_823",24.9,130,1,NA
"9429","GRSM","GRSM_049",21,4,"823A","GRSM_049_823A",17.5,130,1,NA
"9430","GRSM","GRSM_049",21,4,"824","GRSM_049_824",9.6,130,1,NA
"9431","GRSM","GRSM_049",21,3,"825","GRSM_049_825",13.8,130,1,NA
"9432","GRSM","GRSM_049",39,1,"791","GRSM_049_791",1.5,130,1,NA
"9433","GRSM","GRSM_049",39,1,"793","GRSM_049_793",1.2,130,1,NA
"9434","GRSM","GRSM_049",39,1,"826","GRSM_049_826",3.5,130,1,NA
"9435","GRSM","GRSM_049",39,1,"827","GRSM_049_827",2,130,1,NA
"9436","GRSM","GRSM_049",39,1,"828","GRSM_049_828",1,130,1,NA
"9437","GRSM","GRSM_049",39,1,"829","GRSM_049_829",1.2,130,1,NA
"9438","GRSM","GRSM_049",39,1,"830","GRSM_049_830",1.5,130,1,NA
"9439","GRSM","GRSM_049",39,1,"832","GRSM_049_832",1,130,1,NA
"9440","GRSM","GRSM_049",39,1,"833","GRSM_049_833",2.1,130,1,NA
"9441","GRSM","GRSM_049",39,1,"834","GRSM_049_834",1.3,130,1,NA
"9442","GRSM","GRSM_049",39,1,"838","GRSM_049_838",1.1,130,1,NA
"9443","GRSM","GRSM_049",39,1,"839","GRSM_049_839",2.4,130,4,NA
"9444","GRSM","GRSM_049",39,1,"841","GRSM_049_841",2.4,130,4,NA
"9445","GRSM","GRSM_049",39,1,"842","GRSM_049_842",11.8,130,1,NA
"9446","GRSM","GRSM_049",39,1,"843","GRSM_049_843",10.1,130,1,NA
"9447","GRSM","GRSM_049",39,1,"844","GRSM_049_844",22.8,130,1,NA
"9448","GRSM","GRSM_049",39,1,"845","GRSM_049_845",10.1,130,1,NA
"9449","GRSM","GRSM_049",39,1,"846","GRSM_049_846",15.2,130,1,NA
"9450","GRSM","GRSM_049",39,1,"847","GRSM_049_847",11.8,130,1,NA
"9451","GRSM","GRSM_049",39,2,"848","GRSM_049_848",21,130,1,NA
"9452","GRSM","GRSM_049",39,2,"849","GRSM_049_849",9,130,1,NA
"9453","GRSM","GRSM_049",39,2,"850","GRSM_049_850",32.5,130,1,NA
"9454","GRSM","GRSM_049",39,2,"851","GRSM_049_851",10.2,130,1,NA
"9455","GRSM","GRSM_049",39,2,"853","GRSM_049_853",16.5,130,2,NA
"9456","GRSM","GRSM_049",39,2,"854","GRSM_049_854",14.8,130,1,NA
"9457","GRSM","GRSM_049",39,4,"855","GRSM_049_855",21,130,1,NA
"9458","GRSM","GRSM_049",39,4,"856","GRSM_049_856",13.9,130,1,NA
"9459","GRSM","GRSM_049",39,3,"857","GRSM_049_857",16.7,130,1,NA
"9460","GRSM","GRSM_049",39,4,"858","GRSM_049_858",25.1,130,1,NA
"9461","GRSM","GRSM_049",39,4,"859","GRSM_049_859",13.4,130,1,NA
"9462","GRSM","GRSM_049",39,3,"860","GRSM_049_860",13.3,130,1,NA
"9463","GRSM","GRSM_049",39,3,"861","GRSM_049_861",18,130,2,NA
"9464","GRSM","GRSM_049",39,3,"862","GRSM_049_862",54.8,130,1,NA
"9465","GRSM","GRSM_049",39,3,"863","GRSM_049_863",14.3,130,1,NA
"9466","GRSM","GRSM_049",39,3,"864","GRSM_049_864",31.1,130,1,NA
"9467","GRSM","GRSM_049",39,3,"865","GRSM_049_865",14.6,130,1,NA
"9468","GRSM","GRSM_049",39,3,"866","GRSM_049_866",4.7,130,1,NA
"9469","GRSM","GRSM_049",39,3,"867","GRSM_049_867",31.9,130,1,NA
"9470","GRSM","GRSM_049",39,3,"868","GRSM_049_868",4.7,130,1,NA
"9471","GRSM","GRSM_049",39,3,"869","GRSM_049_869",5.1,130,1,NA
"9472","GRSM","GRSM_049",39,3,"871","GRSM_049_871",10.1,130,1,NA
"9473","GRSM","GRSM_049",39,3,"872","GRSM_049_872",22,130,2,NA
"9474","GRSM","GRSM_049",39,3,"873","GRSM_049_873",4.9,130,4,NA
"9475","GRSM","GRSM_049",39,3,"874","GRSM_049_874",3.9,130,1,NA
"9476","GRSM","GRSM_049",39,3,"876","GRSM_049_876",10.5,130,2,NA
"9477","GRSM","GRSM_049",39,3,"877","GRSM_049_877",3.6,130,1,NA
"9478","GRSM","GRSM_049",39,3,"878","GRSM_049_878",7,130,1,NA
"9479","GRSM","GRSM_050",39,1,"1918","GRSM_050_1918",9.8,130,1,NA
"9480","GRSM","GRSM_050",39,1,"1938","GRSM_050_1938",9.5,130,1,NA
"9481","GRSM","GRSM_050",39,1,"1939","GRSM_050_1939",17.8,130,1,NA
"9482","GRSM","GRSM_050",39,1,"1940","GRSM_050_1940",1,130,1,NA
"9483","GRSM","GRSM_050",39,1,"1944","GRSM_050_1944",2.5,130,1,NA
"9484","GRSM","GRSM_050",39,1,"1945","GRSM_050_1945",34.5,130,1,NA
"9485","GRSM","GRSM_050",39,1,"1945A","GRSM_050_1945A",19.4,130,1,NA
"9486","GRSM","GRSM_050",39,1,"1945B","GRSM_050_1945B",25.5,130,1,NA
"9487","GRSM","GRSM_050",39,1,"1945C","GRSM_050_1945C",11.2,130,1,NA
"9488","GRSM","GRSM_050",39,1,"1946","GRSM_050_1946",6.4,130,1,NA
"9489","GRSM","GRSM_050",39,3,"1947","GRSM_050_1947",7.3,130,1,NA
"9490","GRSM","GRSM_050",39,3,"1948","GRSM_050_1948",17.5,130,1,NA
"9491","GRSM","GRSM_050",39,3,"1949","GRSM_050_1949",22.5,130,1,NA
"9492","GRSM","GRSM_050",39,1,"1950","GRSM_050_1950",31,130,1,NA
"9493","GRSM","GRSM_050",39,1,"1951","GRSM_050_1951",8,130,1,NA
"9494","GRSM","GRSM_050",39,1,"1952","GRSM_050_1952",9.1,130,1,NA
"9495","GRSM","GRSM_050",39,1,"1953","GRSM_050_1953",1.6,130,1,NA
"9496","GRSM","GRSM_050",39,3,"1958","GRSM_050_1958",11.2,130,1,NA
"9497","GRSM","GRSM_050",39,3,"1959","GRSM_050_1959",11.2,130,1,NA
"9498","GRSM","GRSM_050",39,3,"1960","GRSM_050_1960",10.8,130,1,NA
"9499","GRSM","GRSM_050",39,3,"1961","GRSM_050_1961",5.6,130,1,NA
"9500","GRSM","GRSM_050",39,4,"1971","GRSM_050_1971",34.9,130,1,NA
"9501","GRSM","GRSM_050",39,4,"1972","GRSM_050_1972",18.8,130,1,NA
"9502","GRSM","GRSM_050",39,4,"1975","GRSM_050_1975",14.3,130,1,NA
"9503","GRSM","GRSM_050",39,1,"1955","GRSM_050_1955",30.8,130,1,NA
"9504","GRSM","GRSM_050",39,3,"1956","GRSM_050_1956",7.8,130,1,NA
"9505","GRSM","GRSM_050",39,3,"1957","GRSM_050_1957",1.2,130,1,NA
"9506","GRSM","GRSM_050",39,4,"1964","GRSM_050_1964",61.5,130,1,NA
"9507","GRSM","GRSM_050",39,4,"1965","GRSM_050_1965",15.4,130,1,NA
"9508","GRSM","GRSM_050",39,3,"1967","GRSM_050_1967",4.2,130,1,NA
"9509","GRSM","GRSM_050",39,4,"1973","GRSM_050_1973",13,130,1,NA
"9510","GRSM","GRSM_050",39,4,"1974","GRSM_050_1974",12.7,130,1,NA
"9511","GRSM","GRSM_050",39,3,"1976","GRSM_050_1976",15.9,130,1,NA
"9512","GRSM","GRSM_050",39,3,"1977","GRSM_050_1977",14.5,130,1,NA
"9513","GRSM","GRSM_050",39,4,"1982","GRSM_050_1982",40,130,1,NA
"9514","GRSM","GRSM_050",39,3,"1983","GRSM_050_1983",10.8,130,1,NA
"9515","GRSM","GRSM_050",39,3,"1984","GRSM_050_1984",10.1,130,1,NA
"9516","GRSM","GRSM_050",39,3,"1985","GRSM_050_1985",46,130,1,NA
"9517","GRSM","GRSM_050",21,4,"2077","GRSM_050_2077",15.8,130,1,NA
"9518","GRSM","GRSM_050",21,1,"2078","GRSM_050_2078",6.3,130,2,NA
"9519","GRSM","GRSM_050",21,1,"2080","GRSM_050_2080",5.7,130,1,NA
"9520","GRSM","GRSM_050",21,1,"2081","GRSM_050_2081",7,130,1,NA
"9521","GRSM","GRSM_050",21,1,"2082","GRSM_050_2082",4.9,130,1,NA
"9522","GRSM","GRSM_050",21,1,"2084","GRSM_050_2084",3,130,1,NA
"9523","GRSM","GRSM_050",21,1,"2085","GRSM_050_2085",3.2,130,1,NA
"9524","GRSM","GRSM_050",21,1,"2086","GRSM_050_2086",6.6,130,1,NA
"9525","GRSM","GRSM_050",21,1,"2087","GRSM_050_2087",48.5,130,1,NA
"9526","GRSM","GRSM_050",21,4,"2088","GRSM_050_2088",3.5,130,1,NA
"9527","GRSM","GRSM_050",21,4,"2089","GRSM_050_2089",7,130,1,NA
"9528","GRSM","GRSM_050",21,2,"2090","GRSM_050_2090",16,130,1,NA
"9529","GRSM","GRSM_050",21,4,"2091","GRSM_050_2091",25.8,130,1,NA
"9530","GRSM","GRSM_050",21,4,"2093","GRSM_050_2093",3,130,1,NA
"9531","GRSM","GRSM_050",21,4,"2094","GRSM_050_2094",46.5,130,1,NA
"9532","GRSM","GRSM_050",21,2,"2095","GRSM_050_2095",90.3,130,1,NA
"9533","GRSM","GRSM_050",21,2,"2096","GRSM_050_2096",12.5,130,1,NA
"9534","GRSM","GRSM_050",21,3,"2097","GRSM_050_2097",31.6,130,1,NA
"9535","GRSM","GRSM_050",21,2,"2098","GRSM_050_2098",24.4,130,1,NA
"9536","GRSM","GRSM_050",21,2,"2099","GRSM_050_2099",19.7,130,1,NA
"9537","GRSM","GRSM_050",21,1,"2100","GRSM_050_2100",40.6,130,1,NA
"9538","GRSM","GRSM_050",21,1,"2101","GRSM_050_2101",55.8,130,1,NA
"9539","GRSM","GRSM_050",21,1,"2102","GRSM_050_2102",31.5,130,1,NA
"9540","GRSM","GRSM_050",21,1,"2103","GRSM_050_2103",4.5,130,1,NA
"9541","GRSM","GRSM_050",21,1,"2104","GRSM_050_2104",4.5,130,1,NA
"9542","GRSM","GRSM_050",21,1,"2105","GRSM_050_2105",4.9,130,1,NA
"9543","GRSM","GRSM_050",21,1,"2106","GRSM_050_2106",6.8,130,1,NA
"9544","GRSM","GRSM_050",21,3,"2110","GRSM_050_2110",37.4,130,1,NA
"9545","GRSM","GRSM_050",21,3,"2111","GRSM_050_2111",16.9,130,1,NA
"9546","GRSM","GRSM_050",21,3,"2113","GRSM_050_2113",18.1,130,1,NA
"9547","GRSM","GRSM_050",21,3,"2114","GRSM_050_2114",10.2,130,1,NA
"9548","GRSM","GRSM_050",21,3,"2112","GRSM_050_2112",17.5,130,1,NA
"9549","GRSM","GRSM_051",23,3,"1978","GRSM_051_1978",13.5,130,1,NA
"9550","GRSM","GRSM_051",23,3,"1979","GRSM_051_1979",33.4,130,2,NA
"9551","GRSM","GRSM_051",23,4,"1980","GRSM_051_1980",19,130,1,NA
"9552","GRSM","GRSM_051",23,4,"1981","GRSM_051_1981",39,130,1,NA
"9553","GRSM","GRSM_051",23,3,"1986","GRSM_051_1986",18.4,130,1,NA
"9554","GRSM","GRSM_051",23,3,"1987","GRSM_051_1987",10.2,130,1,NA
"9555","GRSM","GRSM_051",23,3,"1988","GRSM_051_1988",27.6,130,2,NA
"9556","GRSM","GRSM_051",23,3,"1989","GRSM_051_1989",24.8,130,2,NA
"9557","GRSM","GRSM_051",23,4,"1990","GRSM_051_1990",15.4,130,1,NA
"9558","GRSM","GRSM_051",23,4,"1991","GRSM_051_1991",24,130,1,NA
"9559","GRSM","GRSM_051",23,4,"1992","GRSM_051_1992",40,130,1,NA
"9560","GRSM","GRSM_051",23,4,"1993","GRSM_051_1993",41,130,2,NA
"9561","GRSM","GRSM_051",23,1,"1994","GRSM_051_1994",13.5,130,1,NA
"9562","GRSM","GRSM_051",23,2,"1995","GRSM_051_1995",10.2,130,1,NA
"9563","GRSM","GRSM_051",23,2,"1996","GRSM_051_1996",17.5,130,1,NA
"9564","GRSM","GRSM_051",23,3,"1997","GRSM_051_1997",13.1,130,1,NA
"9565","GRSM","GRSM_051",23,1,"1998","GRSM_051_1998",14.2,130,2,NA
"9566","GRSM","GRSM_051",23,1,"1999","GRSM_051_1999",10.4,130,1,NA
"9567","GRSM","GRSM_051",23,1,"2000","GRSM_051_2000",22,130,2,NA
"9568","GRSM","GRSM_051",23,1,"2001","GRSM_051_2001",32.2,130,1,NA
"9569","GRSM","GRSM_051",23,1,"2002","GRSM_051_2002",19.3,130,2,NA
"9570","GRSM","GRSM_051",23,1,"2003","GRSM_051_2003",12.8,130,1,NA
"9571","GRSM","GRSM_051",23,2,"2004","GRSM_051_2004",10.9,130,1,NA
"9572","GRSM","GRSM_051",23,2,"2005","GRSM_051_2005",12.5,130,1,NA
"9573","GRSM","GRSM_051",23,2,"2008","GRSM_051_2008",1,130,1,NA
"9574","GRSM","GRSM_051",23,2,"2015","GRSM_051_2015",14.5,130,1,NA
"9575","GRSM","GRSM_051",23,4,"2016","GRSM_051_2016",31,130,1,NA
"9576","GRSM","GRSM_051",23,4,"2017","GRSM_051_2017",15.4,130,1,NA
"9577","GRSM","GRSM_051",23,4,"2017A","GRSM_051_2017A",15.4,130,1,NA
"9578","GRSM","GRSM_051",23,4,"2018","GRSM_051_2018",2.1,130,1,NA
"9579","GRSM","GRSM_051",23,2,"2019","GRSM_051_2019",18.2,130,1,NA
"9580","GRSM","GRSM_051",23,4,"2020","GRSM_051_2020",27.3,130,1,NA
"9581","GRSM","GRSM_051",23,4,"2021","GRSM_051_2021",10.1,130,1,NA
"9582","GRSM","GRSM_051",23,4,"2022","GRSM_051_2022",17.9,130,2,NA
"9583","GRSM","GRSM_051",23,4,"2024","GRSM_051_2024",8.5,130,1,NA
"9584","GRSM","GRSM_051",23,4,"2025","GRSM_051_2025",4,130,1,NA
"9585","GRSM","GRSM_051",23,4,"2030","GRSM_051_2030",1.1,130,1,NA
"9586","GRSM","GRSM_051",23,4,"2032","GRSM_051_2032",1.4,130,1,NA
"9587","GRSM","GRSM_051",41,2,"2034","GRSM_051_2034",26.5,130,1,NA
"9588","GRSM","GRSM_051",41,2,"2035","GRSM_051_2035",30,130,1,NA
"9589","GRSM","GRSM_051",41,2,"2036","GRSM_051_2036",12.4,130,1,NA
"9590","GRSM","GRSM_051",41,4,"2037","GRSM_051_2037",10.9,130,1,NA
"9591","GRSM","GRSM_051",41,2,"2038","GRSM_051_2038",12.9,130,1,NA
"9592","GRSM","GRSM_051",41,2,"2039","GRSM_051_2039",19.8,130,1,NA
"9593","GRSM","GRSM_051",41,4,"2040","GRSM_051_2040",33,130,1,NA
"9594","GRSM","GRSM_051",41,2,"2041","GRSM_051_2041",45.4,130,2,NA
"9595","GRSM","GRSM_051",41,2,"2042","GRSM_051_2042",25.7,130,1,NA
"9596","GRSM","GRSM_051",41,2,"2043","GRSM_051_2043",30,130,1,NA
"9597","GRSM","GRSM_051",41,2,"2044","GRSM_051_2044",34.7,130,1,NA
"9598","GRSM","GRSM_051",41,4,"2045","GRSM_051_2045",18.2,130,1,NA
"9599","GRSM","GRSM_051",41,4,"2046","GRSM_051_2046",16,130,1,NA
"9600","GRSM","GRSM_051",41,4,"2047","GRSM_051_2047",18.5,130,1,NA
"9601","GRSM","GRSM_051",41,4,"2049","GRSM_051_2049",2.4,130,1,NA
"9602","GRSM","GRSM_051",41,4,"2050","GRSM_051_2050",7.6,130,1,NA
"9603","GRSM","GRSM_051",41,4,"2051","GRSM_051_2051",7.4,130,1,NA
"9604","GRSM","GRSM_051",41,4,"2053","GRSM_051_2053",2,130,1,NA
"9605","GRSM","GRSM_051",41,3,"2054","GRSM_051_2054",15.8,130,1,NA
"9606","GRSM","GRSM_051",41,3,"2055","GRSM_051_2055",13.7,130,1,NA
"9607","GRSM","GRSM_051",41,3,"2056","GRSM_051_2056",10,130,1,NA
"9608","GRSM","GRSM_051",41,3,"2057","GRSM_051_2057",15.3,130,1,NA
"9609","GRSM","GRSM_051",41,3,"2057A","GRSM_051_2057A",12.8,130,1,NA
"9610","GRSM","GRSM_051",41,1,"2058","GRSM_051_2058",11.3,130,1,NA
"9611","GRSM","GRSM_051",41,4,"2059","GRSM_051_2059",19.1,130,1,NA
"9612","GRSM","GRSM_051",41,4,"2060","GRSM_051_2060",10,130,1,NA
"9613","GRSM","GRSM_051",41,3,"2061","GRSM_051_2061",26.7,130,1,NA
"9614","GRSM","GRSM_051",41,3,"2062","GRSM_051_2062",15,130,1,NA
"9615","GRSM","GRSM_051",41,3,"2063","GRSM_051_2063",18.3,130,2,NA
"9616","GRSM","GRSM_051",41,1,"2064","GRSM_051_2064",29.5,130,1,NA
"9617","GRSM","GRSM_051",41,1,"2065","GRSM_051_2065",13.7,130,1,NA
"9618","GRSM","GRSM_051",41,1,"2066","GRSM_051_2066",1.9,130,1,NA
"9619","GRSM","GRSM_051",41,1,"2070","GRSM_051_2070",13.5,130,1,NA
"9620","GRSM","GRSM_051",41,1,"2071","GRSM_051_2071",14.1,130,1,NA
"9621","GRSM","GRSM_051",41,1,"2072","GRSM_051_2072",18.5,130,1,NA
"9622","GRSM","GRSM_051",41,1,"2074","GRSM_051_2074",2.8,130,1,NA
"9623","GRSM","GRSM_052",21,1,"507","GRSM_052_507",6.3,130,1,NA
"9624","GRSM","GRSM_052",21,1,"508","GRSM_052_508",9.6,130,2,NA
"9625","GRSM","GRSM_052",21,1,"509","GRSM_052_509",11.6,130,1,NA
"9626","GRSM","GRSM_052",21,1,"510","GRSM_052_510",5,130,4,NA
"9627","GRSM","GRSM_052",21,1,"511","GRSM_052_511",12,130,4,NA
"9628","GRSM","GRSM_052",21,1,"512","GRSM_052_512",15.4,130,1,NA
"9629","GRSM","GRSM_052",21,1,"513","GRSM_052_513",38.9,130,1,NA
"9630","GRSM","GRSM_052",21,1,"514","GRSM_052_514",11.8,130,1,NA
"9631","GRSM","GRSM_052",21,1,"515","GRSM_052_515",19.4,130,1,NA
"9632","GRSM","GRSM_052",21,1,"516","GRSM_052_516",13,130,2,NA
"9633","GRSM","GRSM_052",21,1,"517","GRSM_052_517",41.8,130,1,NA
"9634","GRSM","GRSM_052",21,1,"519","GRSM_052_519",23.8,130,1,NA
"9635","GRSM","GRSM_052",21,1,"520","GRSM_052_520",10,130,4,NA
"9636","GRSM","GRSM_052",21,1,"521","GRSM_052_521",3.1,130,2,NA
"9637","GRSM","GRSM_052",21,1,"522","GRSM_052_522",7.1,130,4,NA
"9638","GRSM","GRSM_052",21,1,"523","GRSM_052_523",20.5,130,1,NA
"9639","GRSM","GRSM_052",21,1,"524","GRSM_052_524",2.6,130,2,NA
"9640","GRSM","GRSM_052",21,1,"525","GRSM_052_525",16,130,1,NA
"9641","GRSM","GRSM_052",21,1,"526","GRSM_052_526",5.8,130,1,NA
"9642","GRSM","GRSM_052",21,1,"528","GRSM_052_528",9.8,130,1,NA
"9643","GRSM","GRSM_052",21,1,"518","GRSM_052_518",15,130,1,NA
"9644","GRSM","GRSM_052",21,2,"530","GRSM_052_530",24.4,130,1,NA
"9645","GRSM","GRSM_052",21,2,"531","GRSM_052_531",48.7,130,1,NA
"9646","GRSM","GRSM_052",21,2,"532","GRSM_052_532",25.7,130,1,NA
"9647","GRSM","GRSM_052",21,2,"533","GRSM_052_533",13,130,1,NA
"9648","GRSM","GRSM_052",21,4,"535","GRSM_052_535",5.1,130,1,NA
"9649","GRSM","GRSM_052",21,4,"539","GRSM_052_539",1.7,130,1,NA
"9650","GRSM","GRSM_052",21,4,"540","GRSM_052_540",9.5,130,1,NA
"9651","GRSM","GRSM_052",21,4,"541","GRSM_052_541",9.8,130,1,NA
"9652","GRSM","GRSM_052",21,4,"542","GRSM_052_542",1.2,130,1,NA
"9653","GRSM","GRSM_052",21,4,"544","GRSM_052_544",3.1,130,1,NA
"9654","GRSM","GRSM_052",21,4,"545","GRSM_052_545",5,130,1,NA
"9655","GRSM","GRSM_052",21,4,"546","GRSM_052_546",10.5,130,1,NA
"9656","GRSM","GRSM_052",21,4,"547","GRSM_052_547",4.3,130,1,NA
"9657","GRSM","GRSM_052",21,4,"548","GRSM_052_548",6.2,130,1,NA
"9658","GRSM","GRSM_052",21,4,"549","GRSM_052_549",2.5,130,1,NA
"9659","GRSM","GRSM_052",21,4,"550","GRSM_052_550",3.3,130,1,NA
"9660","GRSM","GRSM_052",21,4,"551","GRSM_052_551",50.4,130,1,NA
"9661","GRSM","GRSM_052",21,4,"552","GRSM_052_552",5.1,130,1,NA
"9662","GRSM","GRSM_052",21,4,"553","GRSM_052_553",2.6,130,1,NA
"9663","GRSM","GRSM_052",21,4,"555","GRSM_052_555",6.9,130,1,NA
"9664","GRSM","GRSM_052",21,4,"556","GRSM_052_556",2.3,130,1,NA
"9665","GRSM","GRSM_052",21,4,"557","GRSM_052_557",6,130,4,NA
"9666","GRSM","GRSM_052",21,4,"558","GRSM_052_558",11,130,4,NA
"9667","GRSM","GRSM_052",21,4,"559","GRSM_052_559",1.6,130,2,NA
"9668","GRSM","GRSM_052",21,4,"560","GRSM_052_560",32.5,130,1,NA
"9669","GRSM","GRSM_052",21,4,"561","GRSM_052_561",1.9,130,1,NA
"9670","GRSM","GRSM_052",21,4,"563","GRSM_052_563",3.5,130,1,NA
"9671","GRSM","GRSM_052",21,4,"564","GRSM_052_564",3,130,1,NA
"9672","GRSM","GRSM_052",21,4,"565","GRSM_052_565",4.6,130,2,NA
"9673","GRSM","GRSM_052",21,4,"566","GRSM_052_566",23.2,130,2,NA
"9674","GRSM","GRSM_052",21,4,"567","GRSM_052_567",5.5,130,1,NA
"9675","GRSM","GRSM_052",21,4,"568","GRSM_052_568",4,120,1,NA
"9676","GRSM","GRSM_052",21,4,"569","GRSM_052_569",4.4,130,2,NA
"9677","GRSM","GRSM_052",21,4,"570","GRSM_052_570",3.6,130,1,NA
"9678","GRSM","GRSM_052",21,4,"571","GRSM_052_571",3.7,130,2,NA
"9679","GRSM","GRSM_052",21,4,"572","GRSM_052_572",2.3,130,1,NA
"9680","GRSM","GRSM_052",21,4,"573","GRSM_052_573",7,130,1,NA
"9681","GRSM","GRSM_052",21,4,"574","GRSM_052_574",3,130,1,NA
"9682","GRSM","GRSM_052",21,4,"575","GRSM_052_575",7.2,130,1,NA
"9683","GRSM","GRSM_052",21,4,"577","GRSM_052_577",3.3,130,2,NA
"9684","GRSM","GRSM_052",21,4,"578","GRSM_052_578",44.8,130,1,NA
"9685","GRSM","GRSM_052",21,4,"579","GRSM_052_579",2.9,130,1,NA
"9686","GRSM","GRSM_052",21,4,"580","GRSM_052_580",2.1,130,1,NA
"9687","GRSM","GRSM_052",21,4,"581","GRSM_052_581",10.2,130,1,NA
"9688","GRSM","GRSM_052",21,4,"582","GRSM_052_582",10.2,130,1,NA
"9689","GRSM","GRSM_052",21,4,"583","GRSM_052_583",26.6,130,1,NA
"9690","GRSM","GRSM_052",21,4,"576","GRSM_052_576",4.5,130,1,NA
"9691","GRSM","GRSM_052",21,4,"584","GRSM_052_584",1.9,130,1,NA
"9692","GRSM","GRSM_052",21,4,"585","GRSM_052_585",7.7,130,1,NA
"9693","GRSM","GRSM_052",21,4,"586","GRSM_052_586",14.6,130,1,NA
"9694","GRSM","GRSM_052",21,4,"587","GRSM_052_587",3.6,130,1,NA
"9695","GRSM","GRSM_052",21,4,"588","GRSM_052_588",2.2,130,1,NA
"9696","GRSM","GRSM_052",21,4,"589","GRSM_052_589",2.6,130,1,NA
"9697","GRSM","GRSM_052",21,4,"590","GRSM_052_590",12.7,130,1,NA
"9698","GRSM","GRSM_052",21,4,"592","GRSM_052_592",5.2,130,1,NA
"9699","GRSM","GRSM_052",21,4,"593","GRSM_052_593",5.1,130,2,NA
"9700","GRSM","GRSM_052",21,4,"594","GRSM_052_594",5.7,130,1,NA
"9701","GRSM","GRSM_052",21,4,"591","GRSM_052_591",4.7,130,1,NA
"9702","GRSM","GRSM_052",21,3,"595","GRSM_052_595",21.6,130,1,NA
"9703","GRSM","GRSM_052",21,3,"596","GRSM_052_596",15,130,1,NA
"9704","GRSM","GRSM_052",21,3,"597","GRSM_052_597",14.4,130,1,NA
"9705","GRSM","GRSM_052",21,3,"598","GRSM_052_598",16.1,130,1,NA
"9706","GRSM","GRSM_052",21,3,"599","GRSM_052_599",11.2,130,1,NA
"9707","GRSM","GRSM_052",21,3,"600","GRSM_052_600",13.1,130,1,NA
"9708","GRSM","GRSM_052",39,1,"601","GRSM_052_601",20.2,130,1,NA
"9709","GRSM","GRSM_052",39,1,"602","GRSM_052_602",8.3,130,1,NA
"9710","GRSM","GRSM_052",39,1,"603","GRSM_052_603",8.1,130,1,NA
"9711","GRSM","GRSM_052",39,1,"604","GRSM_052_604",12.8,130,1,NA
"9712","GRSM","GRSM_052",39,1,"605","GRSM_052_605",7,130,1,NA
"9713","GRSM","GRSM_052",39,1,"606","GRSM_052_606",3,130,2,NA
"9714","GRSM","GRSM_052",39,1,"607","GRSM_052_607",5,130,1,NA
"9715","GRSM","GRSM_052",39,1,"608","GRSM_052_608",9.5,130,1,NA
"9716","GRSM","GRSM_052",39,1,"610","GRSM_052_610",6.9,130,1,NA
"9717","GRSM","GRSM_052",39,1,"611","GRSM_052_611",1.4,130,1,NA
"9718","GRSM","GRSM_052",39,1,"612","GRSM_052_612",5,130,4,NA
"9719","GRSM","GRSM_052",39,1,"613","GRSM_052_613",2.9,130,1,NA
"9720","GRSM","GRSM_052",39,1,"614","GRSM_052_614",2.7,130,1,NA
"9721","GRSM","GRSM_052",39,1,"615","GRSM_052_615",7.9,130,1,NA
"9722","GRSM","GRSM_052",39,1,"617","GRSM_052_617",4.9,120,1,NA
"9723","GRSM","GRSM_052",39,1,"618","GRSM_052_618",2.2,130,1,NA
"9724","GRSM","GRSM_052",39,1,"616","GRSM_052_616",2.2,130,1,NA
"9725","GRSM","GRSM_052",39,1,"620","GRSM_052_620",3.3,130,1,NA
"9726","GRSM","GRSM_052",39,1,"621","GRSM_052_621",1.9,130,1,NA
"9727","GRSM","GRSM_052",39,1,"622","GRSM_052_622",6.4,130,1,NA
"9728","GRSM","GRSM_052",39,1,"623","GRSM_052_623",3.1,130,1,NA
"9729","GRSM","GRSM_052",39,1,"624","GRSM_052_624",1.4,130,1,NA
"9730","GRSM","GRSM_052",39,1,"626","GRSM_052_626",9,130,1,NA
"9731","GRSM","GRSM_052",39,1,"627","GRSM_052_627",8.3,130,1,NA
"9732","GRSM","GRSM_052",39,1,"629","GRSM_052_629",7.3,130,1,NA
"9733","GRSM","GRSM_052",39,1,"628","GRSM_052_628",14.8,130,1,NA
"9734","GRSM","GRSM_052",39,1,"630","GRSM_052_630",4.7,130,4,NA
"9735","GRSM","GRSM_052",39,1,"631","GRSM_052_631",4.5,130,1,NA
"9736","GRSM","GRSM_052",39,1,"632","GRSM_052_632",3.1,130,1,NA
"9737","GRSM","GRSM_052",39,1,"633","GRSM_052_633",15.1,130,1,NA
"9738","GRSM","GRSM_052",39,1,"634","GRSM_052_634",6.8,130,1,NA
"9739","GRSM","GRSM_052",39,1,"635","GRSM_052_635",2.2,130,2,NA
"9740","GRSM","GRSM_052",39,1,"636","GRSM_052_636",37.1,130,1,NA
"9741","GRSM","GRSM_052",39,3,"637","GRSM_052_637",8.6,130,1,NA
"9742","GRSM","GRSM_052",39,3,"638","GRSM_052_638",17.3,130,1,NA
"9743","GRSM","GRSM_052",39,3,"640","GRSM_052_640",13.2,130,1,NA
"9744","GRSM","GRSM_052",39,3,"641","GRSM_052_641",4.1,130,2,NA
"9745","GRSM","GRSM_052",39,3,"642","GRSM_052_642",4.2,130,1,NA
"9746","GRSM","GRSM_052",39,3,"643","GRSM_052_643",31.7,130,1,NA
"9747","GRSM","GRSM_052",39,3,"644","GRSM_052_644",5.5,130,1,NA
"9748","GRSM","GRSM_052",39,3,"648","GRSM_052_648",15.5,130,1,NA
"9749","GRSM","GRSM_052",39,3,"652","GRSM_052_652",9.6,130,1,NA
"9750","GRSM","GRSM_052",39,3,"657","GRSM_052_657",2.1,130,1,NA
"9751","GRSM","GRSM_052",39,3,"659","GRSM_052_659",1.3,130,1,NA
"9752","GRSM","GRSM_052",39,3,"660","GRSM_052_660",9,130,1,NA
"9753","GRSM","GRSM_052",39,3,"662","GRSM_052_662",3.4,130,1,NA
"9754","GRSM","GRSM_052",39,3,"663","GRSM_052_663",4.6,130,1,NA
"9755","GRSM","GRSM_052",39,3,"665","GRSM_052_665",3.9,130,2,NA
"9756","GRSM","GRSM_052",39,3,"667","GRSM_052_667",4.5,130,1,NA
"9757","GRSM","GRSM_052",39,3,"668","GRSM_052_668",1.1,130,1,NA
"9758","GRSM","GRSM_052",39,3,"670","GRSM_052_670",18,130,1,NA
"9759","GRSM","GRSM_052",39,3,"672","GRSM_052_672",2.8,130,1,NA
"9760","GRSM","GRSM_052",39,3,"676","GRSM_052_676",6.7,130,1,NA
"9761","GRSM","GRSM_052",39,3,"677","GRSM_052_677",1.5,130,1,NA
"9762","GRSM","GRSM_052",39,3,"679","GRSM_052_679",7.7,130,1,NA
"9763","GRSM","GRSM_052",39,3,"681","GRSM_052_681",2.8,130,1,NA
"9764","GRSM","GRSM_052",39,3,"684","GRSM_052_684",23.2,130,2,NA
"9765","GRSM","GRSM_052",39,3,"686","GRSM_052_686",5.1,130,1,NA
"9766","GRSM","GRSM_052",39,4,"690","GRSM_052_690",16.8,130,1,NA
"9767","GRSM","GRSM_052",39,4,"691","GRSM_052_691",20,130,1,NA
"9768","GRSM","GRSM_052",39,4,"692","GRSM_052_692",12.1,130,1,NA
"9769","GRSM","GRSM_052",39,4,"693","GRSM_052_693",18.8,130,1,NA
"9770","GRSM","GRSM_052",39,4,"694","GRSM_052_694",20.9,130,1,NA
"9771","GRSM","GRSM_052",39,4,"695","GRSM_052_695",14.2,130,1,NA
"9772","GRSM","GRSM_052",39,4,"696","GRSM_052_696",59.3,130,1,NA
"9773","GRSM","GRSM_052",39,4,"697","GRSM_052_697",33,130,1,NA
"9774","GRSM","GRSM_052",39,4,"698","GRSM_052_698",11.4,130,1,NA
"9775","GRSM","GRSM_052",39,2,"699","GRSM_052_699",11.2,130,1,NA
"9776","GRSM","GRSM_052",39,2,"700","GRSM_052_700",19.1,130,1,NA
"9777","GRSM","GRSM_052",39,2,"701","GRSM_052_701",52.5,130,1,NA
"9778","GRSM","GRSM_052",39,2,"702","GRSM_052_702",17.8,130,1,NA
"9779","GRSM","GRSM_052",39,2,"703","GRSM_052_703",12,130,1,NA
"9780","GRSM","GRSM_052",39,2,"704","GRSM_052_704",32.3,130,1,NA
"9781","GRSM","GRSM_052",39,2,"705","GRSM_052_705",10.5,130,1,NA
"9782","GRSM","GRSM_053",23,2,"1459","GRSM_053_1459",6.1,130,1,NA
"9783","GRSM","GRSM_053",23,2,"1461","GRSM_053_1461",4.3,130,1,NA
"9784","GRSM","GRSM_053",23,2,"1462","GRSM_053_1462",1.5,130,1,NA
"9785","GRSM","GRSM_053",23,2,"1463","GRSM_053_1463",1.2,130,1,NA
"9786","GRSM","GRSM_053",23,2,"1464","GRSM_053_1464",3,130,1,NA
"9787","GRSM","GRSM_053",23,2,"1465","GRSM_053_1465",53,130,1,NA
"9788","GRSM","GRSM_053",23,2,"1466","GRSM_053_1466",1.4,130,1,NA
"9789","GRSM","GRSM_053",23,2,"1470","GRSM_053_1470",28.7,130,1,NA
"9790","GRSM","GRSM_053",23,2,"1473","GRSM_053_1473",17,130,1,NA
"9791","GRSM","GRSM_053",23,2,"1474","GRSM_053_1474",2.5,130,1,NA
"9792","GRSM","GRSM_053",23,2,"1475","GRSM_053_1475",56,130,1,NA
"9793","GRSM","GRSM_053",23,2,"1477","GRSM_053_1477",4.3,130,1,NA
"9794","GRSM","GRSM_053",23,2,"1479","GRSM_053_1479",3.7,130,1,NA
"9795","GRSM","GRSM_053",23,2,"1483","GRSM_053_1483",57,130,1,NA
"9796","GRSM","GRSM_053",23,2,"1484","GRSM_053_1484",4.8,130,1,NA
"9797","GRSM","GRSM_053",23,4,"1485","GRSM_053_1485",9.8,130,1,NA
"9798","GRSM","GRSM_053",23,4,"1486","GRSM_053_1486",1.8,130,1,NA
"9799","GRSM","GRSM_053",23,4,"1491","GRSM_053_1491",30.7,130,1,NA
"9800","GRSM","GRSM_053",23,4,"1491A","GRSM_053_1491A",34.3,130,1,NA
"9801","GRSM","GRSM_053",23,4,"1492","GRSM_053_1492",6,130,1,NA
"9802","GRSM","GRSM_053",23,4,"1493","GRSM_053_1493",5.7,130,1,NA
"9803","GRSM","GRSM_053",23,4,"1494","GRSM_053_1494",1.61,130,2,NA
"9804","GRSM","GRSM_053",23,4,"1500","GRSM_053_1500",53,130,1,NA
"9805","GRSM","GRSM_053",23,4,"1501","GRSM_053_1501",45,130,1,NA
"9806","GRSM","GRSM_053",23,4,"1503","GRSM_053_1503",4.3,130,1,NA
"9807","GRSM","GRSM_053",23,4,"1508","GRSM_053_1508",21.6,130,1,NA
"9808","GRSM","GRSM_053",23,4,"1509","GRSM_053_1509",33.3,130,1,NA
"9809","GRSM","GRSM_053",23,3,"1511","GRSM_053_1511",57,130,1,NA
"9810","GRSM","GRSM_053",23,3,"1512","GRSM_053_1512",13.3,130,1,NA
"9811","GRSM","GRSM_053",23,3,"1513","GRSM_053_1513",47,130,1,NA
"9812","GRSM","GRSM_053",23,1,"1514","GRSM_053_1514",29,130,1,NA
"9813","GRSM","GRSM_053",23,1,"1515","GRSM_053_1515",13.5,130,1,NA
"9814","GRSM","GRSM_053",23,1,"1516","GRSM_053_1516",49,130,1,NA
"9815","GRSM","GRSM_053",23,1,"1517","GRSM_053_1517",34,130,2,NA
"9816","GRSM","GRSM_053",41,4,"1518","GRSM_053_1518",33,130,1,NA
"9817","GRSM","GRSM_053",41,4,"1519","GRSM_053_1519",48,130,1,NA
"9818","GRSM","GRSM_053",41,4,"1522","GRSM_053_1522",2,139,1,NA
"9819","GRSM","GRSM_053",41,4,"1526","GRSM_053_1526",23.7,130,1,NA
"9820","GRSM","GRSM_053",41,4,"1528","GRSM_053_1528",5.3,130,1,NA
"9821","GRSM","GRSM_053",41,4,"1531","GRSM_053_1531",3.9,130,1,NA
"9822","GRSM","GRSM_053",41,4,"1545","GRSM_053_1545",4.9,130,1,NA
"9823","GRSM","GRSM_053",41,4,"1548","GRSM_053_1548",2.3,130,1,NA
"9824","GRSM","GRSM_053",41,4,"1549","GRSM_053_1549",1,130,2,NA
"9825","GRSM","GRSM_053",41,2,"1556","GRSM_053_1556",54,130,1,NA
"9826","GRSM","GRSM_053",41,1,"1560","GRSM_053_1560",36.6,130,1,NA
"9827","GRSM","GRSM_053",41,1,"1560A","GRSM_053_1560A",32,130,1,NA
"9828","GRSM","GRSM_053",41,1,"1563","GRSM_053_1563",4,130,1,NA
"9829","GRSM","GRSM_053",41,1,"1564","GRSM_053_1564",2.4,130,1,NA
"9830","GRSM","GRSM_053",41,1,"1565","GRSM_053_1565",1.1,130,1,NA
"9831","GRSM","GRSM_053",41,1,"1566","GRSM_053_1566",1.2,130,1,NA
"9832","GRSM","GRSM_053",41,1,"1567","GRSM_053_1567",47.5,130,1,NA
"9833","GRSM","GRSM_053",41,1,"1568","GRSM_053_1568",2.3,130,1,NA
"9834","GRSM","GRSM_053",41,1,"1571","GRSM_053_1571",6.4,130,1,NA
"9835","GRSM","GRSM_053",41,1,"1572","GRSM_053_1572",14.7,130,2,NA
"9836","GRSM","GRSM_053",41,1,"1577","GRSM_053_1577",59,130,1,NA
"9837","GRSM","GRSM_053",41,1,"1578","GRSM_053_1578",49,130,1,NA
"9838","GRSM","GRSM_053",41,1,"1581","GRSM_053_1581",3.6,130,1,NA
"9839","GRSM","GRSM_053",41,1,"1586","GRSM_053_1586",7.6,130,1,NA
"9840","GRSM","GRSM_053",41,3,"1591","GRSM_053_1591",39,130,1,NA
"9841","GRSM","GRSM_053",41,3,"1593","GRSM_053_1593",28,130,1,NA
"9842","GRSM","GRSM_053",41,3,"1594","GRSM_053_1594",79,130,1,NA
"9843","GRSM","GRSM_053",41,3,"1595","GRSM_053_1595",53,130,1,NA
"9844","GRSM","GRSM_053",41,3,"1596","GRSM_053_1596",56.7,130,1,NA
"9845","GRSM","GRSM_053",41,3,"1597","GRSM_053_1597",56.2,130,1,NA
"9846","GRSM","GRSM_054",39,1,"469","GRSM_054_469",6.5,130,1,NA
"9847","GRSM","GRSM_054",39,1,"470","GRSM_054_470",67.5,131,1,NA
"9848","GRSM","GRSM_054",39,3,"474","GRSM_054_474",1.2,130,1,NA
"9849","GRSM","GRSM_054",39,3,"476","GRSM_054_476",8.9,130,1,NA
"9850","GRSM","GRSM_054",39,3,"478","GRSM_054_478",22.2,130,1,NA
"9851","GRSM","GRSM_054",39,3,"483","GRSM_054_483",39.8,130,1,NA
"9852","GRSM","GRSM_054",39,3,"484","GRSM_054_484",1.4,130,1,NA
"9853","GRSM","GRSM_054",39,3,"488","GRSM_054_488",1,130,1,NA
"9854","GRSM","GRSM_054",39,3,"495","GRSM_054_495",1.1,130,1,NA
"9855","GRSM","GRSM_054",39,3,"499","GRSM_054_499",1.4,130,1,NA
"9856","GRSM","GRSM_054",39,4,"500","GRSM_054_500",39,130,1,NA
"9857","GRSM","GRSM_054",21,1,"426","GRSM_054_426",4.1,130,1,NA
"9858","GRSM","GRSM_054",21,1,"428","GRSM_054_428",19.6,130,1,NA
"9859","GRSM","GRSM_054",21,1,"429","GRSM_054_429",7.5,130,1,NA
"9860","GRSM","GRSM_054",21,1,"430","GRSM_054_430",1.3,130,1,NA
"9861","GRSM","GRSM_054",21,1,"431","GRSM_054_431",5.8,130,1,NA
"9862","GRSM","GRSM_054",21,1,"432","GRSM_054_432",6.4,130,1,NA
"9863","GRSM","GRSM_054",21,1,"433","GRSM_054_433",42.7,130,1,NA
"9864","GRSM","GRSM_054",21,1,"439","GRSM_054_439",3.5,130,1,NA
"9865","GRSM","GRSM_054",21,1,"440","GRSM_054_440",17.1,130,1,NA
"9866","GRSM","GRSM_054",21,1,"441","GRSM_054_441",3.6,130,1,NA
"9867","GRSM","GRSM_054",21,1,"442","GRSM_054_442",10.7,130,1,NA
"9868","GRSM","GRSM_054",21,1,"443","GRSM_054_443",14.3,130,1,NA
"9869","GRSM","GRSM_054",21,1,"444","GRSM_054_444",14.2,130,1,NA
"9870","GRSM","GRSM_054",21,1,"445","GRSM_054_445",15.7,130,1,NA
"9871","GRSM","GRSM_054",21,1,"446","GRSM_054_446",15.6,130,1,NA
"9872","GRSM","GRSM_054",21,1,"447","GRSM_054_447",26.9,130,1,NA
"9873","GRSM","GRSM_054",21,1,"448","GRSM_054_448",43,130,1,NA
"9874","GRSM","GRSM_054",21,1,"449","GRSM_054_449",12.6,130,1,NA
"9875","GRSM","GRSM_054",21,1,"450","GRSM_054_450",42.4,130,1,NA
"9876","GRSM","GRSM_054",21,1,"451","GRSM_054_451",51.6,130,1,NA
"9877","GRSM","GRSM_054",21,1,"452","GRSM_054_452",12.6,130,1,NA
"9878","GRSM","GRSM_054",21,1,"453","GRSM_054_453",71,130,2,NA
"9879","GRSM","GRSM_054",21,1,"454","GRSM_054_454",2.3,130,1,NA
"9880","GRSM","GRSM_054",21,1,"455","GRSM_054_455",27.8,130,1,NA
"9881","GRSM","GRSM_054",21,4,"456","GRSM_054_456",5.8,130,1,NA
"9882","GRSM","GRSM_054",21,4,"457","GRSM_054_457",21.5,130,1,NA
"9883","GRSM","GRSM_054",21,4,"458","GRSM_054_458",48.2,130,1,NA
"9884","GRSM","GRSM_054",21,4,"459","GRSM_054_459",3.2,130,1,NA
"9885","GRSM","GRSM_054",21,3,"460","GRSM_054_460",10.9,130,2,NA
"9886","GRSM","GRSM_054",21,3,"461","GRSM_054_461",22.7,130,1,NA
"9887","GRSM","GRSM_054",21,3,"462","GRSM_054_462",56.2,130,1,NA
"9888","GRSM","GRSM_054",21,3,"462A","GRSM_054_462A",11.1,130,1,NA
"9889","GRSM","GRSM_054",21,3,"463","GRSM_054_463",20.6,130,1,NA
"9890","GRSM","GRSM_054",39,1,"464","GRSM_054_464",16.5,130,1,NA
"9891","GRSM","GRSM_054",39,4,"501","GRSM_054_501",17.4,130,1,NA
"9892","GRSM","GRSM_054",39,4,"502","GRSM_054_502",13.7,130,1,NA
"9893","GRSM","GRSM_054",39,4,"503","GRSM_054_503",21,130,1,NA
"9894","GRSM","GRSM_054",39,2,"504","GRSM_054_504",33.1,130,1,NA
"9895","GRSM","GRSM_054",39,2,"505","GRSM_054_505",1.6,130,1,NA
"9896","GRSM","GRSM_054",39,2,"506","GRSM_054_506",36.5,130,1,NA
"9897","GRSM","GRSM_055",23,2,"1600","GRSM_055_1600",1.6,130,1,NA
"9898","GRSM","GRSM_055",23,2,"1601","GRSM_055_1601",2.1,130,1,NA
"9899","GRSM","GRSM_055",23,2,"1603","GRSM_055_1603",1.2,130,1,NA
"9900","GRSM","GRSM_055",23,2,"1613","GRSM_055_1613",1.3,130,1,NA
"9901","GRSM","GRSM_055",23,2,"1615","GRSM_055_1615",1,130,1,NA
"9902","GRSM","GRSM_055",23,1,"1618","GRSM_055_1618",22,130,1,NA
"9903","GRSM","GRSM_055",23,2,"1619","GRSM_055_1619",12.9,130,1,NA
"9904","GRSM","GRSM_055",23,2,"1620","GRSM_055_1620",30,130,1,NA
"9905","GRSM","GRSM_055",23,2,"1621","GRSM_055_1621",10.2,130,1,NA
"9906","GRSM","GRSM_055",23,1,"1622","GRSM_055_1622",46.6,130,1,NA
"9907","GRSM","GRSM_055",23,1,"1623","GRSM_055_1623",110,130,1,NA
"9908","GRSM","GRSM_055",23,1,"1624","GRSM_055_1624",12,130,1,NA
"9909","GRSM","GRSM_055",23,4,"1626","GRSM_055_1626",4.4,130,1,NA
"9910","GRSM","GRSM_055",23,1,"1628","GRSM_055_1628",17.7,130,1,NA
"9911","GRSM","GRSM_055",23,1,"1629","GRSM_055_1629",10.4,130,1,NA
"9912","GRSM","GRSM_055",23,4,"1630","GRSM_055_1630",9.1,130,1,NA
"9913","GRSM","GRSM_055",23,4,"1631","GRSM_055_1631",9.7,130,1,NA
"9914","GRSM","GRSM_055",41,1,"1907","GRSM_055_1907",4.1,130,1,NA
"9915","GRSM","GRSM_055",41,1,"1908","GRSM_055_1908",54.2,130,1,NA
"9916","GRSM","GRSM_055",41,1,"1909","GRSM_055_1909",2.7,130,1,NA
"9917","GRSM","GRSM_055",41,1,"1911","GRSM_055_1911",60.3,130,1,NA
"9918","GRSM","GRSM_055",41,1,"1912","GRSM_055_1912",78.4,130,1,NA
"9919","GRSM","GRSM_055",41,1,"1913","GRSM_055_1913",12.5,130,1,NA
"9920","GRSM","GRSM_055",41,1,"1914","GRSM_055_1914",39.8,130,1,NA
"9921","GRSM","GRSM_055",41,1,"1915","GRSM_055_1915",74.2,130,1,NA
"9922","GRSM","GRSM_055",41,1,"1916","GRSM_055_1916",45.2,130,1,NA
"9923","GRSM","GRSM_055",41,2,"1917","GRSM_055_1917",83.2,130,1,NA
"9924","GRSM","GRSM_055",41,2,"1919","GRSM_055_1919",46.5,130,1,NA
"9925","GRSM","GRSM_055",41,2,"1920","GRSM_055_1920",20.2,130,1,NA
"9926","GRSM","GRSM_055",41,2,"1921","GRSM_055_1921",64.2,130,2,NA
"9927","GRSM","GRSM_055",41,4,"1922","GRSM_055_1922",17.7,130,1,NA
"9928","GRSM","GRSM_055",41,2,"1923","GRSM_055_1923",17.1,130,1,NA
"9929","GRSM","GRSM_055",41,2,"1924","GRSM_055_1924",31.8,130,1,NA
"9930","GRSM","GRSM_055",41,4,"1925","GRSM_055_1925",50.8,130,1,NA
"9931","GRSM","GRSM_055",41,3,"1926","GRSM_055_1926",10.2,130,1,NA
"9932","GRSM","GRSM_055",41,4,"1927","GRSM_055_1927",23.8,130,1,NA
"9933","GRSM","GRSM_055",41,4,"1928","GRSM_055_1928",14.4,130,1,NA
"9934","GRSM","GRSM_055",41,4,"1930","GRSM_055_1930",1.5,130,1,NA
"9935","GRSM","GRSM_055",41,3,"1932","GRSM_055_1932",53,130,1,NA
"9936","GRSM","GRSM_055",41,3,"1933","GRSM_055_1933",37.5,130,1,NA
"9937","GRSM","GRSM_055",41,3,"1934","GRSM_055_1934",43.8,130,1,NA
"9938","GRSM","GRSM_055",41,3,"1934","GRSM_055_1934",37.7,130,1,NA
"9939","GRSM","GRSM_055",41,4,"1936","GRSM_055_1936",2,130,1,NA
"9940","GRSM","GRSM_056",23,2,"1118","GRSM_056_1118",9.4,130,1,NA
"9941","GRSM","GRSM_056",23,2,"1119","GRSM_056_1119",13.3,130,1,NA
"9942","GRSM","GRSM_056",23,2,"1123","GRSM_056_1123",14.8,130,1,NA
"9943","GRSM","GRSM_056",23,2,"1125","GRSM_056_1125",23.7,130,1,NA
"9944","GRSM","GRSM_056",23,2,"1127","GRSM_056_1127",1.1,130,1,NA
"9945","GRSM","GRSM_056",23,2,"1131","GRSM_056_1131",77.4,130,1,NA
"9946","GRSM","GRSM_056",23,NA,"1132","GRSM_056_1132",9.3,130,1,NA
"9947","GRSM","GRSM_056",23,NA,"1133","GRSM_056_1133",7.6,130,1,NA
"9948","GRSM","GRSM_056",23,NA,"1134","GRSM_056_1134",6.4,130,2,NA
"9949","GRSM","GRSM_056",23,NA,"1135","GRSM_056_1135",4.5,130,1,NA
"9950","GRSM","GRSM_056",23,4,"1136","GRSM_056_1136",5.9,130,1,NA
"9951","GRSM","GRSM_056",23,4,"1137","GRSM_056_1137",6.1,130,1,NA
"9952","GRSM","GRSM_056",23,4,"1138","GRSM_056_1138",8,130,1,NA
"9953","GRSM","GRSM_056",23,4,"1140","GRSM_056_1140",4.9,130,1,NA
"9954","GRSM","GRSM_056",23,4,"1141","GRSM_056_1141",16.4,130,4,NA
"9955","GRSM","GRSM_056",23,4,"1143","GRSM_056_1143",8.9,130,1,NA
"9956","GRSM","GRSM_056",23,4,"1144","GRSM_056_1144",2.6,130,1,NA
"9957","GRSM","GRSM_056",23,4,"1145","GRSM_056_1145",29.9,130,1,NA
"9958","GRSM","GRSM_056",23,4,"1146","GRSM_056_1146",5.3,130,1,NA
"9959","GRSM","GRSM_056",23,4,"1147","GRSM_056_1147",6.3,130,1,NA
"9960","GRSM","GRSM_056",23,4,"1148","GRSM_056_1148",4.9,130,4,NA
"9961","GRSM","GRSM_056",23,4,"1149","GRSM_056_1149",7.9,130,1,NA
"9962","GRSM","GRSM_056",23,4,"1150","GRSM_056_1150",12.6,130,2,NA
"9963","GRSM","GRSM_056",23,4,"1151","GRSM_056_1151",32.6,130,1,NA
"9964","GRSM","GRSM_056",23,4,"1152","GRSM_056_1152",5,130,1,NA
"9965","GRSM","GRSM_056",23,4,"1153","GRSM_056_1153",4.6,130,1,NA
"9966","GRSM","GRSM_056",23,4,"1154","GRSM_056_1154",5.8,130,1,NA
"9967","GRSM","GRSM_056",23,4,"1155","GRSM_056_1155",5.7,130,1,NA
"9968","GRSM","GRSM_056",23,4,"1156","GRSM_056_1156",36.6,130,1,NA
"9969","GRSM","GRSM_056",23,3,"1157","GRSM_056_1157",55,130,1,NA
"9970","GRSM","GRSM_056",23,3,"1158","GRSM_056_1158",17.3,130,2,NA
"9971","GRSM","GRSM_056",23,3,"1159","GRSM_056_1159",25,130,2,NA
"9972","GRSM","GRSM_056",23,3,"1160","GRSM_056_1160",32.6,130,1,NA
"9973","GRSM","GRSM_056",23,1,"1161","GRSM_056_1161",43.2,130,1,NA
"9974","GRSM","GRSM_056",23,3,"1162","GRSM_056_1162",16.4,130,4,NA
"9975","GRSM","GRSM_056",23,1,"1163","GRSM_056_1163",72.9,130,1,NA
"9976","GRSM","GRSM_056",39,4,"1168","GRSM_056_1168",40.2,130,2,NA
"9977","GRSM","GRSM_056",39,4,"1169","GRSM_056_1169",3.9,130,1,NA
"9978","GRSM","GRSM_056",39,4,"1170","GRSM_056_1170",4.8,130,1,NA
"9979","GRSM","GRSM_056",39,4,"1171","GRSM_056_1171",3.65,130,1,NA
"9980","GRSM","GRSM_056",39,4,"1172","GRSM_056_1172",3.6,130,1,NA
"9981","GRSM","GRSM_056",39,4,"1173","GRSM_056_1173",12.1,130,1,NA
"9982","GRSM","GRSM_056",39,4,"1174","GRSM_056_1174",7.5,130,1,NA
"9983","GRSM","GRSM_056",39,4,"1176","GRSM_056_1176",53.5,130,1,NA
"9984","GRSM","GRSM_056",39,4,"1177","GRSM_056_1177",13,130,1,NA
"9985","GRSM","GRSM_056",39,4,"1182","GRSM_056_1182",10.5,130,1,NA
"9986","GRSM","GRSM_056",39,4,"1183","GRSM_056_1183",6.4,130,1,NA
"9987","GRSM","GRSM_056",39,4,"1184","GRSM_056_1184",32.5,130,1,NA
"9988","GRSM","GRSM_056",39,4,"1188","GRSM_056_1188",9.3,130,1,NA
"9989","GRSM","GRSM_056",39,4,"1189","GRSM_056_1189",10.4,130,1,NA
"9990","GRSM","GRSM_056",39,1,"1193","GRSM_056_1193",5.5,130,1,NA
"9991","GRSM","GRSM_056",39,1,"1194","GRSM_056_1194",19.8,130,1,NA
"9992","GRSM","GRSM_056",39,1,"1197","GRSM_056_1197",2.5,130,1,NA
"9993","GRSM","GRSM_056",39,1,"1198","GRSM_056_1198",13,130,4,NA
"9994","GRSM","GRSM_056",39,1,"1199","GRSM_056_1199",22.2,130,1,NA
"9995","GRSM","GRSM_056",39,1,"1206","GRSM_056_1206",4.3,130,1,NA
"9996","GRSM","GRSM_056",39,1,"1207","GRSM_056_1207",44.6,130,1,NA
"9997","GRSM","GRSM_056",39,1,"1208","GRSM_056_1208",11.7,130,4,NA
"9998","GRSM","GRSM_056",39,1,"1209","GRSM_056_1209",2.3,130,1,NA
"9999","GRSM","GRSM_056",39,1,"1210","GRSM_056_1210",18.2,130,1,NA
"10000","GRSM","GRSM_056",39,1,"1213","GRSM_056_1213",15,130,1,NA
"10001","GRSM","GRSM_056",39,1,"1214","GRSM_056_1214",13.2,130,1,NA
"10002","GRSM","GRSM_056",39,1,"1215","GRSM_056_1215",3.5,130,1,NA
"10003","GRSM","GRSM_056",39,1,"1217","GRSM_056_1217",2.5,130,1,NA
"10004","GRSM","GRSM_056",39,1,"1218","GRSM_056_1218",7.8,130,1,NA
"10005","GRSM","GRSM_056",39,1,"1221","GRSM_056_1221",2.8,130,1,NA
"10006","GRSM","GRSM_056",39,1,"1224","GRSM_056_1224",6,130,1,NA
"10007","GRSM","GRSM_056",39,1,"1228","GRSM_056_1228",1.5,130,1,NA
"10008","GRSM","GRSM_056",39,1,"1229","GRSM_056_1229",1.6,130,1,NA
"10009","GRSM","GRSM_056",39,1,"1230","GRSM_056_1230",4.1,130,1,NA
"10010","GRSM","GRSM_056",39,2,"1231","GRSM_056_1231",55.6,130,1,NA
"10011","GRSM","GRSM_056",39,2,"1232","GRSM_056_1232",14.2,130,1,NA
"10012","GRSM","GRSM_056",39,2,"1233","GRSM_056_1233",17.3,130,1,NA
"10013","GRSM","GRSM_056",39,2,"1234","GRSM_056_1234",11.4,130,1,NA
"10014","GRSM","GRSM_056",39,4,"1235","GRSM_056_1235",24.2,130,1,NA
"10015","GRSM","GRSM_056",39,4,"1236","GRSM_056_1236",13.6,130,1,NA
"10016","GRSM","GRSM_056",39,2,"1237","GRSM_056_1237",10.2,130,1,NA
"10017","GRSM","GRSM_056",39,4,"1238","GRSM_056_1238",35.8,130,1,NA
"10018","GRSM","GRSM_056",39,4,"1239","GRSM_056_1239",12.3,130,1,NA
"10019","GRSM","GRSM_056",39,4,"1240","GRSM_056_1240",25,130,1,NA
"10020","GRSM","GRSM_056",39,4,"1241","GRSM_056_1241",26.9,130,1,NA
"10021","GRSM","GRSM_056",39,4,"1242","GRSM_056_1242",15.7,130,1,NA
"10022","GRSM","GRSM_057",23,2,"1","GRSM_057_1",14.1,130,1,NA
"10023","GRSM","GRSM_057",23,2,"2","GRSM_057_2",24.1,130,1,NA
"10024","GRSM","GRSM_057",23,2,"5","GRSM_057_5",11,130,1,NA
"10025","GRSM","GRSM_057",23,2,"7","GRSM_057_7",1.5,130,1,NA
"10026","GRSM","GRSM_057",23,2,"9","GRSM_057_9",1.7,130,1,NA
"10027","GRSM","GRSM_057",23,2,"10","GRSM_057_10",15.5,130,1,NA
"10028","GRSM","GRSM_057",23,2,"11","GRSM_057_11",2.5,130,1,NA
"10029","GRSM","GRSM_057",23,2,"14","GRSM_057_14",1.9,130,1,NA
"10030","GRSM","GRSM_057",23,2,"17","GRSM_057_17",1.9,130,1,NA
"10031","GRSM","GRSM_057",23,2,"18","GRSM_057_18",4.7,130,1,NA
"10032","GRSM","GRSM_057",23,2,"19","GRSM_057_19",4,130,1,NA
"10033","GRSM","GRSM_057",23,2,"20","GRSM_057_20",9.9,130,1,NA
"10034","GRSM","GRSM_057",23,2,"21","GRSM_057_21",4.4,130,1,NA
"10035","GRSM","GRSM_057",23,2,"22","GRSM_057_22",8.5,130,1,NA
"10036","GRSM","GRSM_057",23,2,"24","GRSM_057_24",22.2,130,1,NA
"10037","GRSM","GRSM_057",23,2,"25","GRSM_057_25",9.7,130,1,NA
"10038","GRSM","GRSM_057",23,2,"26","GRSM_057_26",9.5,130,1,NA
"10039","GRSM","GRSM_057",23,4,"29","GRSM_057_29",59.3,130,1,NA
"10040","GRSM","GRSM_057",23,4,"32","GRSM_057_32",44.2,130,1,NA
"10041","GRSM","GRSM_057",23,4,"34","GRSM_057_34",62.1,130,1,NA
"10042","GRSM","GRSM_057",23,4,"37","GRSM_057_37",5.7,130,1,NA
"10043","GRSM","GRSM_057",23,4,"39","GRSM_057_39",13.3,130,1,NA
"10044","GRSM","GRSM_057",23,4,"40","GRSM_057_40",52.4,130,1,NA
"10045","GRSM","GRSM_057",23,4,"41","GRSM_057_41",11.7,130,1,NA
"10046","GRSM","GRSM_057",23,4,"31","GRSM_057_31",28.9,130,1,NA
"10047","GRSM","GRSM_057",23,4,"31A","GRSM_057_31A",25.5,130,1,NA
"10048","GRSM","GRSM_057",23,4,"31B","GRSM_057_31B",18.5,130,1,NA
"10049","GRSM","GRSM_057",23,4,"42","GRSM_057_42",15.4,130,1,NA
"10050","GRSM","GRSM_057",23,4,"43","GRSM_057_43",55.3,130,1,NA
"10051","GRSM","GRSM_057",23,4,"44","GRSM_057_44",16.2,130,1,NA
"10052","GRSM","GRSM_057",23,4,"45","GRSM_057_45",32.6,130,1,NA
"10053","GRSM","GRSM_057",23,4,"46","GRSM_057_46",36.1,130,1,NA
"10054","GRSM","GRSM_057",23,4,"47","GRSM_057_47",59.6,130,1,NA
"10055","GRSM","GRSM_057",23,4,"48","GRSM_057_48",45.2,130,1,NA
"10056","GRSM","GRSM_057",41,4,"53","GRSM_057_53",2.2,130,1,NA
"10057","GRSM","GRSM_057",41,4,"56","GRSM_057_56",2.5,130,1,NA
"10058","GRSM","GRSM_057",41,4,"59","GRSM_057_59",1.8,130,1,NA
"10059","GRSM","GRSM_057",41,4,"62","GRSM_057_62",1.2,130,1,NA
"10060","GRSM","GRSM_057",41,4,"63","GRSM_057_63",1.2,130,1,NA
"10061","GRSM","GRSM_057",41,4,"70","GRSM_057_70",92.3,130,1,NA
"10062","GRSM","GRSM_057",41,2,"71","GRSM_057_71",15.3,130,1,NA
"10063","GRSM","GRSM_057",41,2,"72","GRSM_057_72",27.4,130,1,NA
"10064","GRSM","GRSM_057",41,2,"73","GRSM_057_73",70.3,130,1,NA
"10065","GRSM","GRSM_057",41,2,"74","GRSM_057_74",17.7,130,1,NA
"10066","GRSM","GRSM_057",41,2,"75","GRSM_057_75",30.8,130,2,NA
"10067","GRSM","GRSM_057",41,2,"76","GRSM_057_76",37.5,130,1,NA
"10068","GRSM","GRSM_057",41,2,"77","GRSM_057_77",10.1,130,1,NA
"10069","GRSM","GRSM_057",41,2,"78","GRSM_057_78",43.7,130,1,NA
"10070","GRSM","GRSM_057",41,1,"79","GRSM_057_79",66.3,130,1,NA
"10071","GRSM","GRSM_057",41,1,"82","GRSM_057_82",15,130,1,NA
"10072","GRSM","GRSM_057",41,1,"91","GRSM_057_91",42,130,1,NA
"10073","GRSM","GRSM_057",41,1,"94","GRSM_057_94",4.9,130,1,NA
"10074","GRSM","GRSM_057",41,1,"95","GRSM_057_95",1,130,1,NA
"10075","GRSM","GRSM_057",41,1,"97","GRSM_057_97",2,130,1,NA
"10076","GRSM","GRSM_057",41,1,"99","GRSM_057_99",24.6,130,1,NA
"10077","GRSM","GRSM_057",41,1,"100","GRSM_057_100",2.1,130,1,NA
"10078","GRSM","GRSM_057",41,1,"101","GRSM_057_101",4.1,130,1,NA
"10079","GRSM","GRSM_057",41,3,"105","GRSM_057_105",10.2,130,1,NA
"10080","GRSM","GRSM_058",23,2,"706","GRSM_058_706",3.9,130,1,NA
"10081","GRSM","GRSM_058",23,2,"708","GRSM_058_708",1.2,130,1,NA
"10082","GRSM","GRSM_058",23,2,"709","GRSM_058_709",15.9,130,1,NA
"10083","GRSM","GRSM_058",23,4,"721","GRSM_058_721",2.6,130,1,NA
"10084","GRSM","GRSM_058",23,4,"723","GRSM_058_723",33.5,130,1,NA
"10085","GRSM","GRSM_058",23,2,"724","GRSM_058_724",41.5,130,1,NA
"10086","GRSM","GRSM_058",23,4,"726","GRSM_058_726",3.1,130,1,NA
"10087","GRSM","GRSM_058",23,4,"730","GRSM_058_730",2.1,130,1,NA
"10088","GRSM","GRSM_058",23,4,"731","GRSM_058_731",45.9,130,1,NA
"10089","GRSM","GRSM_058",23,4,"732","GRSM_058_732",2.5,130,1,NA
"10090","GRSM","GRSM_058",23,4,"733","GRSM_058_733",2.8,130,1,NA
"10091","GRSM","GRSM_058",23,4,"741","GRSM_058_741",3.8,130,1,NA
"10092","GRSM","GRSM_058",23,4,"742","GRSM_058_742",21.8,130,1,NA
"10093","GRSM","GRSM_058",23,3,"745","GRSM_058_745",52,130,1,NA
"10094","GRSM","GRSM_058",23,3,"746","GRSM_058_746",42,130,1,NA
"10095","GRSM","GRSM_058",23,1,"747","GRSM_058_747",56.2,130,1,NA
"10096","GRSM","GRSM_058",41,4,"752","GRSM_058_752",1,130,1,NA
"10097","GRSM","GRSM_058",41,4,"753","GRSM_058_753",75.4,130,1,NA
"10098","GRSM","GRSM_058",41,4,"755","GRSM_058_755",2.5,130,1,NA
"10099","GRSM","GRSM_058",41,4,"757","GRSM_058_757",23.1,130,2,NA
"10100","GRSM","GRSM_058",41,4,"759","GRSM_058_759",10.3,130,1,NA
"10101","GRSM","GRSM_058",41,4,"769","GRSM_058_769",9.4,130,1,NA
"10102","GRSM","GRSM_058",41,4,"770","GRSM_058_770",1.2,130,1,NA
"10103","GRSM","GRSM_058",41,2,"771","GRSM_058_771",12.9,130,1,NA
"10104","GRSM","GRSM_058",41,2,"772","GRSM_058_772",51.8,130,1,NA
"10105","GRSM","GRSM_058",41,2,"773","GRSM_058_773",24,130,1,NA
"10106","GRSM","GRSM_058",41,2,"774","GRSM_058_774",26.3,130,1,NA
"10107","GRSM","GRSM_058",41,1,"776","GRSM_058_776",62.3,130,1,NA
"10108","GRSM","GRSM_058",41,1,"780","GRSM_058_780",16.9,130,1,NA
"10109","GRSM","GRSM_058",41,1,"781","GRSM_058_781",36.9,130,1,NA
"10110","GRSM","GRSM_058",41,1,"783","GRSM_058_783",41,130,1,NA
"10111","GRSM","GRSM_058",41,1,"784","GRSM_058_784",23.6,130,1,NA
"10112","GRSM","GRSM_058",23,2,"712","GRSM_058_712",1.2,130,1,NA
"10113","GRSM","GRSM_058",23,2,"713","GRSM_058_713",1.2,130,1,NA
"10114","GRSM","GRSM_058",23,2,"716","GRSM_058_716",66.8,130,1,NA
"10115","GRSM","GRSM_058",23,2,"717","GRSM_058_717",6.9,130,1,NA
"10116","GRSM","GRSM_058",23,4,"718","GRSM_058_718",18.1,130,1,NA
"10117","GRSM","GRSM_058",23,4,"719","GRSM_058_719",27.8,130,1,NA
"10118","GRSM","GRSM_059",21,1,"356","GRSM_059_356",19.3,130,1,NA
"10119","GRSM","GRSM_059",39,1,"357","GRSM_059_357",14.6,130,1,NA
"10120","GRSM","GRSM_059",39,1,"358","GRSM_059_358",4.1,130,1,NA
"10121","GRSM","GRSM_059",39,1,"359","GRSM_059_359",12.9,130,4,NA
"10122","GRSM","GRSM_059",39,1,"360","GRSM_059_360",10,130,4,NA
"10123","GRSM","GRSM_059",39,1,"361","GRSM_059_361",15.5,130,1,NA
"10124","GRSM","GRSM_059",39,1,"362","GRSM_059_362",13.7,130,1,NA
"10125","GRSM","GRSM_059",39,1,"363","GRSM_059_363",13.2,130,1,NA
"10126","GRSM","GRSM_059",39,1,"365","GRSM_059_365",44.5,130,1,NA
"10127","GRSM","GRSM_059",39,2,"366","GRSM_059_366",23.8,130,1,NA
"10128","GRSM","GRSM_059",21,1,"367","GRSM_059_367",10.2,130,1,NA
"10129","GRSM","GRSM_059",21,1,"368","GRSM_059_368",17,130,1,NA
"10130","GRSM","GRSM_059",39,2,"369","GRSM_059_369",27.1,130,1,NA
"10131","GRSM","GRSM_059",39,2,"370","GRSM_059_370",11.8,130,1,NA
"10132","GRSM","GRSM_059",39,2,"371","GRSM_059_371",11.2,130,1,NA
"10133","GRSM","GRSM_059",39,2,"372","GRSM_059_372",19.8,130,1,NA
"10134","GRSM","GRSM_059",39,2,"373","GRSM_059_373",19.8,130,1,NA
"10135","GRSM","GRSM_059",39,2,"374","GRSM_059_374",45,130,1,NA
"10136","GRSM","GRSM_059",21,1,"375","GRSM_059_375",12.1,130,4,NA
"10137","GRSM","GRSM_059",21,1,"376","GRSM_059_376",27.9,130,1,NA
"10138","GRSM","GRSM_059",39,2,"377","GRSM_059_377",24.5,130,1,NA
"10139","GRSM","GRSM_059",21,1,"378","GRSM_059_378",12.1,130,1,NA
"10140","GRSM","GRSM_059",39,2,"379","GRSM_059_379",17.2,130,1,NA
"10141","GRSM","GRSM_059",39,2,"381","GRSM_059_381",16.1,130,4,NA
"10142","GRSM","GRSM_059",21,1,"382","GRSM_059_382",12.8,130,2,NA
"10143","GRSM","GRSM_059",21,1,"383","GRSM_059_383",14.5,130,2,NA
"10144","GRSM","GRSM_059",21,1,"336","GRSM_059_336",20.5,130,1,NA
"10145","GRSM","GRSM_059",21,1,"337","GRSM_059_337",7,130,4,NA
"10146","GRSM","GRSM_059",21,1,"338","GRSM_059_338",3,130,1,NA
"10147","GRSM","GRSM_059",21,1,"340","GRSM_059_340",5.1,130,1,NA
"10148","GRSM","GRSM_059",21,1,"341","GRSM_059_341",7.3,130,1,NA
"10149","GRSM","GRSM_059",21,1,"343","GRSM_059_343",2.3,130,4,NA
"10150","GRSM","GRSM_059",39,1,"345","GRSM_059_345",5.3,130,1,NA
"10151","GRSM","GRSM_059",39,1,"346","GRSM_059_346",15.2,130,1,NA
"10152","GRSM","GRSM_059",39,1,"348","GRSM_059_348",23.1,130,1,NA
"10153","GRSM","GRSM_059",39,1,"349","GRSM_059_349",4.2,130,1,NA
"10154","GRSM","GRSM_059",21,1,"351","GRSM_059_351",13.1,130,1,NA
"10155","GRSM","GRSM_059",39,1,"352","GRSM_059_352",11.9,130,1,NA
"10156","GRSM","GRSM_059",21,1,"384","GRSM_059_384",2.4,130,1,NA
"10157","GRSM","GRSM_059",39,2,"385","GRSM_059_385",25.3,130,4,NA
"10158","GRSM","GRSM_059",21,3,"386","GRSM_059_386",19.9,130,1,NA
"10159","GRSM","GRSM_059",21,3,"387","GRSM_059_387",10.4,130,1,NA
"10160","GRSM","GRSM_059",21,4,"388","GRSM_059_388",62,130,2,NA
"10161","GRSM","GRSM_059",21,4,"389","GRSM_059_389",17.2,130,4,NA
"10162","GRSM","GRSM_059",39,2,"390","GRSM_059_390",14.7,130,4,NA
"10163","GRSM","GRSM_059",39,2,"391","GRSM_059_391",21.2,130,1,NA
"10164","GRSM","GRSM_059",21,4,"392","GRSM_059_392",11.1,130,1,NA
"10165","GRSM","GRSM_059",39,2,"393","GRSM_059_393",22.3,130,1,NA
"10166","GRSM","GRSM_059",39,2,"394","GRSM_059_394",30.5,130,1,NA
"10167","GRSM","GRSM_059",21,4,"395","GRSM_059_395",20.5,130,1,NA
"10168","GRSM","GRSM_059",39,2,"396","GRSM_059_396",15.2,130,1,NA
"10169","GRSM","GRSM_059",21,4,"397","GRSM_059_397",15.4,130,1,NA
"10170","GRSM","GRSM_059",21,4,"398","GRSM_059_398",16,130,1,NA
"10171","GRSM","GRSM_059",39,2,"399","GRSM_059_399",13.4,130,1,NA
"10172","GRSM","GRSM_059",39,2,"400","GRSM_059_400",25.5,130,1,NA
"10173","GRSM","GRSM_059",39,2,"401","GRSM_059_401",13.9,130,1,NA
"10174","GRSM","GRSM_059",39,2,"402","GRSM_059_402",21.1,130,1,NA
"10175","GRSM","GRSM_059",39,2,"403","GRSM_059_403",23.1,130,1,NA
"10176","GRSM","GRSM_059",39,2,"404","GRSM_059_404",20.1,130,1,NA
"10177","GRSM","GRSM_059",21,4,"405","GRSM_059_405",1,130,1,NA
"10178","GRSM","GRSM_059",21,4,"406","GRSM_059_406",23.7,130,1,NA
"10179","GRSM","GRSM_059",21,4,"409","GRSM_059_409",3,130,1,NA
"10180","GRSM","GRSM_059",21,4,"412","GRSM_059_412",2.2,130,1,NA
"10181","GRSM","GRSM_059",21,4,"413","GRSM_059_413",47.1,130,1,NA
"10182","GRSM","GRSM_059",39,2,"416","GRSM_059_416",25.4,130,1,NA
"10183","GRSM","GRSM_059",21,4,"417","GRSM_059_417",10.6,130,1,NA
"10184","GRSM","GRSM_059",39,2,"418","GRSM_059_418",21,130,1,NA
"10185","GRSM","GRSM_059",39,3,"419","GRSM_059_419",17.8,130,1,NA
"10186","GRSM","GRSM_059",39,3,"421","GRSM_059_421",1.8,130,1,NA
"10187","GRSM","GRSM_059",39,2,"422","GRSM_059_422",27,130,1,NA
"10188","GRSM","GRSM_059",39,3,"423","GRSM_059_423",14.3,130,1,NA
"10189","GRSM","GRSM_059",39,3,"425","GRSM_059_425",13.9,130,1,NA
"10190","GRSM","GRSM_059",21,4,"426","GRSM_059_426",8.1,130,1,NA
"10191","GRSM","GRSM_059",21,4,"427","GRSM_059_427",2,130,1,NA
"10192","GRSM","GRSM_059",21,4,"428","GRSM_059_428",4.8,130,1,NA
"10193","GRSM","GRSM_059",21,4,"430","GRSM_059_430",3.2,130,2,NA
"10194","GRSM","GRSM_059",21,4,"431","GRSM_059_431",1.2,130,1,NA
"10195","GRSM","GRSM_059",21,3,"434","GRSM_059_434",28.1,130,1,NA
"10196","GRSM","GRSM_059",21,3,"435","GRSM_059_435",21.3,130,2,NA
"10197","GRSM","GRSM_059",21,3,"436","GRSM_059_436",17,130,1,NA
"10198","GRSM","GRSM_059",21,3,"437","GRSM_059_437",13.7,130,1,NA
"10199","GRSM","GRSM_059",21,3,"438","GRSM_059_438",18,130,1,NA
"10200","GRSM","GRSM_059",39,2,"374A","GRSM_059_374A",35.5,130,1,NA
"10201","GRSM","GRSM_059",39,2,"422A","GRSM_059_422A",20,130,1,NA
"10202","GRSM","GRSM_059",39,2,"422B","GRSM_059_422B",19.9,130,1,NA
"10203","GRSM","GRSM_059",39,2,"404A","GRSM_059_404A",13.4,130,1,NA
"10204","GRSM","GRSM_059",39,2,"418A","GRSM_059_418A",20,130,1,NA
"10205","GRSM","GRSM_060",23,2,"1762","GRSM_060_1762",1.4,130,1,NA
"10206","GRSM","GRSM_060",23,2,"1763","GRSM_060_1763",2,130,1,NA
"10207","GRSM","GRSM_060",23,2,"1764","GRSM_060_1764",7.2,130,1,NA
"10208","GRSM","GRSM_060",23,2,"1766","GRSM_060_1766",8,130,1,NA
"10209","GRSM","GRSM_060",23,2,"1767","GRSM_060_1767",21.6,130,1,NA
"10210","GRSM","GRSM_060",23,2,"1768","GRSM_060_1768",27,130,1,NA
"10211","GRSM","GRSM_060",23,2,"1770","GRSM_060_1770",1.1,130,1,NA
"10212","GRSM","GRSM_060",23,2,"1772","GRSM_060_1772",34,130,1,NA
"10213","GRSM","GRSM_060",23,2,"1773","GRSM_060_1773",25,130,2,NA
"10214","GRSM","GRSM_060",23,2,"1775","GRSM_060_1775",1.8,130,1,NA
"10215","GRSM","GRSM_060",23,2,"1777","GRSM_060_1777",2.9,130,1,NA
"10216","GRSM","GRSM_060",23,2,"1778","GRSM_060_1778",8.9,130,1,NA
"10217","GRSM","GRSM_060",23,4,"1779","GRSM_060_1779",1.8,130,1,NA
"10218","GRSM","GRSM_060",23,4,"1780","GRSM_060_1780",31,130,1,NA
"10219","GRSM","GRSM_060",23,4,"1781","GRSM_060_1781",17,130,2,NA
"10220","GRSM","GRSM_060",23,4,"1782","GRSM_060_1782",17.8,130,2,NA
"10221","GRSM","GRSM_060",23,4,"1784","GRSM_060_1784",1,130,1,NA
"10222","GRSM","GRSM_060",23,4,"1788","GRSM_060_1788",3,130,1,NA
"10223","GRSM","GRSM_060",23,4,"1789","GRSM_060_1789",1.2,130,1,NA
"10224","GRSM","GRSM_060",23,4,"1791","GRSM_060_1791",42.7,130,1,NA
"10225","GRSM","GRSM_060",23,4,"1793","GRSM_060_1793",1.2,130,1,NA
"10226","GRSM","GRSM_060",23,4,"1794","GRSM_060_1794",1.9,130,1,NA
"10227","GRSM","GRSM_060",23,2,"1801","GRSM_060_1801",7.1,130,1,NA
"10228","GRSM","GRSM_060",23,2,"1804","GRSM_060_1804",3.3,130,2,NA
"10229","GRSM","GRSM_060",23,2,"1809","GRSM_060_1809",16.8,130,2,NA
"10230","GRSM","GRSM_060",23,2,"1811","GRSM_060_1811",2.5,130,1,NA
"10231","GRSM","GRSM_060",23,2,"1813","GRSM_060_1813",1.2,130,1,NA
"10232","GRSM","GRSM_060",23,2,"1814","GRSM_060_1814",1.9,130,1,NA
"10233","GRSM","GRSM_060",23,2,"1815","GRSM_060_1815",44.5,130,1,NA
"10234","GRSM","GRSM_060",23,2,"1816","GRSM_060_1816",11.1,130,1,NA
"10235","GRSM","GRSM_060",23,2,"1817","GRSM_060_1817",3.6,130,1,NA
"10236","GRSM","GRSM_060",23,1,"1821","GRSM_060_1821",54,130,1,NA
"10237","GRSM","GRSM_060",23,2,"1820","GRSM_060_1820",2.2,130,2,NA
"10238","GRSM","GRSM_060",23,1,"1822","GRSM_060_1822",19.1,130,1,NA
"10239","GRSM","GRSM_060",23,1,"1823","GRSM_060_1823",29.5,130,1,NA
"10240","GRSM","GRSM_060",23,1,"1824","GRSM_060_1824",28.5,130,1,NA
"10241","GRSM","GRSM_060",23,1,"1825","GRSM_060_1825",12,130,2,NA
"10242","GRSM","GRSM_060",23,1,"1826","GRSM_060_1826",17.6,130,2,NA
"10243","GRSM","GRSM_060",23,1,"1827","GRSM_060_1827",14.9,130,1,NA
"10244","GRSM","GRSM_060",23,1,"1828","GRSM_060_1828",10.3,130,1,NA
"10245","GRSM","GRSM_060",23,1,"1829","GRSM_060_1829",16.4,130,2,NA
"10246","GRSM","GRSM_060",23,1,"1830","GRSM_060_1830",120,130,2,NA
"10247","GRSM","GRSM_060",23,1,"1831","GRSM_060_1831",18,130,1,NA
"10248","GRSM","GRSM_060",23,1,"1832","GRSM_060_1832",17,130,2,NA
"10249","GRSM","GRSM_060",23,1,"1833","GRSM_060_1833",33,130,1,NA
"10250","GRSM","GRSM_060",41,1,"1834","GRSM_060_1834",15.3,130,2,NA
"10251","GRSM","GRSM_060",41,1,"1835","GRSM_060_1835",13.5,130,2,NA
"10252","GRSM","GRSM_060",41,1,"1836","GRSM_060_1836",12.5,130,1,NA
"10253","GRSM","GRSM_060",41,1,"1837","GRSM_060_1837",47.7,130,1,NA
"10254","GRSM","GRSM_060",41,1,"1838","GRSM_060_1838",5.2,130,1,NA
"10255","GRSM","GRSM_060",41,1,"1839","GRSM_060_1839",1.4,130,1,NA
"10256","GRSM","GRSM_060",41,1,"1840","GRSM_060_1840",44.5,130,2,NA
"10257","GRSM","GRSM_060",41,1,"1841","GRSM_060_1841",14.5,130,2,NA
"10258","GRSM","GRSM_060",41,1,"1842","GRSM_060_1842",15,130,2,NA
"10259","GRSM","GRSM_060",41,1,"1843","GRSM_060_1843",35.5,130,1,NA
"10260","GRSM","GRSM_060",41,1,"1844","GRSM_060_1844",42.6,130,1,NA
"10261","GRSM","GRSM_060",41,1,"1845","GRSM_060_1845",7.5,130,2,NA
"10262","GRSM","GRSM_060",41,1,"1846","GRSM_060_1846",9.6,130,1,NA
"10263","GRSM","GRSM_060",41,1,"1847","GRSM_060_1847",15,130,2,NA
"10264","GRSM","GRSM_060",41,1,"1848","GRSM_060_1848",3.6,130,1,NA
"10265","GRSM","GRSM_060",41,1,"1849","GRSM_060_1849",6.2,130,1,NA
"10266","GRSM","GRSM_060",41,1,"1851","GRSM_060_1851",8.1,130,2,NA
"10267","GRSM","GRSM_060",41,1,"1852","GRSM_060_1852",43.7,130,1,NA
"10268","GRSM","GRSM_060",41,1,"1853","GRSM_060_1853",2.5,130,1,NA
"10269","GRSM","GRSM_060",41,1,"1854","GRSM_060_1854",6.6,130,1,NA
"10270","GRSM","GRSM_060",41,1,"1855","GRSM_060_1855",1.1,130,1,NA
"10271","GRSM","GRSM_060",41,1,"1857","GRSM_060_1857",1.8,130,1,NA
"10272","GRSM","GRSM_060",41,1,"1860","GRSM_060_1860",10.5,130,1,NA
"10273","GRSM","GRSM_060",41,3,"1861","GRSM_060_1861",12,130,1,NA
"10274","GRSM","GRSM_060",41,3,"1862","GRSM_060_1862",10.9,130,1,NA
"10275","GRSM","GRSM_060",41,3,"1863","GRSM_060_1863",17.4,130,1,NA
"10276","GRSM","GRSM_060",41,4,"1864","GRSM_060_1864",13.5,130,1,NA
"10277","GRSM","GRSM_060",41,4,"1866","GRSM_060_1866",4,130,1,NA
"10278","GRSM","GRSM_060",41,4,"1867","GRSM_060_1867",1.8,130,1,NA
"10279","GRSM","GRSM_060",41,4,"1868","GRSM_060_1868",6,130,1,NA
"10280","GRSM","GRSM_060",41,4,"1869","GRSM_060_1869",2.5,130,1,NA
"10281","GRSM","GRSM_060",41,4,"1870","GRSM_060_1870",21,130,1,NA
"10282","GRSM","GRSM_060",41,4,"1871","GRSM_060_1871",15.3,130,1,NA
"10283","GRSM","GRSM_060",41,4,"1872","GRSM_060_1872",2.5,130,1,NA
"10284","GRSM","GRSM_060",41,1,"1875","GRSM_060_1875",2.4,130,1,NA
"10285","GRSM","GRSM_060",41,3,"1876","GRSM_060_1876",17.4,130,1,NA
"10286","GRSM","GRSM_060",41,3,"1876A","GRSM_060_1876A",13.1,130,1,NA
"10287","GRSM","GRSM_060",41,3,"1877","GRSM_060_1877",1.8,130,1,NA
"10288","GRSM","GRSM_060",41,4,"1880","GRSM_060_1880",19.3,130,1,NA
"10289","GRSM","GRSM_060",41,4,"1882","GRSM_060_1882",10,130,1,NA
"10290","GRSM","GRSM_060",41,4,"1883","GRSM_060_1883",3.4,130,1,NA
"10291","GRSM","GRSM_060",41,4,"1884","GRSM_060_1884",4.1,130,1,NA
"10292","GRSM","GRSM_060",41,4,"1885","GRSM_060_1885",11.6,130,1,NA
"10293","GRSM","GRSM_060",41,2,"1888","GRSM_060_1888",43.2,130,1,NA
"10294","GRSM","GRSM_060",41,4,"1890","GRSM_060_1890",5,130,1,NA
"10295","GRSM","GRSM_060",41,4,"1891","GRSM_060_1891",5.1,130,1,NA
"10296","GRSM","GRSM_060",41,4,"1892","GRSM_060_1892",11.5,130,1,NA
"10297","GRSM","GRSM_060",41,4,"1893","GRSM_060_1893",34.1,130,1,NA
"10298","GRSM","GRSM_060",41,4,"1894","GRSM_060_1894",5.5,130,1,NA
"10299","GRSM","GRSM_060",41,4,"1895","GRSM_060_1895",1.2,130,1,NA
"10300","GRSM","GRSM_060",41,4,"1896","GRSM_060_1896",7.9,130,1,NA
"10301","GRSM","GRSM_060",41,2,"1898","GRSM_060_1898",37.1,130,1,NA
"10302","GRSM","GRSM_060",41,2,"1899","GRSM_060_1899",23,130,1,NA
"10303","GRSM","GRSM_060",41,2,"1900","GRSM_060_1900",14.2,130,2,NA
"10304","GRSM","GRSM_060",41,2,"1901","GRSM_060_1901",15.4,130,1,NA
"10305","GRSM","GRSM_060",41,2,"1902","GRSM_060_1902",27,130,1,NA
"10306","GRSM","GRSM_060",41,2,"1903","GRSM_060_1903",17,130,1,NA
"10307","GRSM","GRSM_060",41,2,"1904","GRSM_060_1904",30.6,130,1,NA
"10308","GRSM","GRSM_060",41,2,"1905","GRSM_060_1905",11,130,1,NA
"10309","GRSM","GRSM_061",41,1,"321","GRSM_061_321",17,130,1,NA
"10310","GRSM","GRSM_061",41,1,"323","GRSM_061_323",16.5,130,1,NA
"10311","GRSM","GRSM_061",41,1,"324","GRSM_061_324",4.4,130,1,NA
"10312","GRSM","GRSM_061",41,1,"325","GRSM_061_325",9,130,1,NA
"10313","GRSM","GRSM_061",41,1,"326","GRSM_061_326",6.2,130,1,NA
"10314","GRSM","GRSM_061",41,2,"327","GRSM_061_327",19,130,1,NA
"10315","GRSM","GRSM_061",41,2,"328","GRSM_061_328",26,130,1,NA
"10316","GRSM","GRSM_061",41,2,"329","GRSM_061_329",43.5,130,1,NA
"10317","GRSM","GRSM_061",41,2,"330","GRSM_061_330",18.6,130,1,NA
"10318","GRSM","GRSM_061",41,2,"331","GRSM_061_331",18.9,130,1,NA
"10319","GRSM","GRSM_061",41,2,"332","GRSM_061_332",23.2,130,1,NA
"10320","GRSM","GRSM_061",41,2,"333","GRSM_061_333",15.6,130,1,NA
"10321","GRSM","GRSM_061",41,2,"334","GRSM_061_334",20.6,130,2,NA
"10322","GRSM","GRSM_061",41,2,"335","GRSM_061_335",14.6,130,1,NA
"10323","GRSM","GRSM_061",23,3,"228","GRSM_061_228",10.2,130,1,NA
"10324","GRSM","GRSM_061",23,3,"229","GRSM_061_229",10.1,130,1,NA
"10325","GRSM","GRSM_061",23,3,"230","GRSM_061_230",3.5,130,1,NA
"10326","GRSM","GRSM_061",23,3,"231","GRSM_061_231",19.3,130,1,NA
"10327","GRSM","GRSM_061",23,3,"233","GRSM_061_233",11.8,130,1,NA
"10328","GRSM","GRSM_061",23,4,"241","GRSM_061_241",22.9,130,1,NA
"10329","GRSM","GRSM_061",23,4,"246","GRSM_061_246",3.8,130,1,NA
"10330","GRSM","GRSM_061",23,4,"249","GRSM_061_249",7.6,130,1,NA
"10331","GRSM","GRSM_061",23,4,"253","GRSM_061_253",4.3,130,1,NA
"10332","GRSM","GRSM_061",23,4,"254","GRSM_061_254",4,130,2,NA
"10333","GRSM","GRSM_061",23,4,"255","GRSM_061_255",6.3,130,1,NA
"10334","GRSM","GRSM_061",23,4,"256","GRSM_061_256",4.2,130,1,NA
"10335","GRSM","GRSM_061",23,4,"257","GRSM_061_257",20.1,130,2,NA
"10336","GRSM","GRSM_061",23,2,"258","GRSM_061_258",14.5,130,1,NA
"10337","GRSM","GRSM_061",23,2,"259","GRSM_061_259",45,130,1,NA
"10338","GRSM","GRSM_061",23,4,"196","GRSM_061_196",7.5,130,1,NA
"10339","GRSM","GRSM_061",23,4,"197","GRSM_061_197",NA,130,1,NA
"10340","GRSM","GRSM_061",23,4,"198","GRSM_061_198",6.4,130,1,NA
"10341","GRSM","GRSM_061",23,4,"201","GRSM_061_201",14.4,130,1,NA
"10342","GRSM","GRSM_061",23,4,"202","GRSM_061_202",8.6,130,1,NA
"10343","GRSM","GRSM_061",23,4,"203","GRSM_061_203",66,130,2,NA
"10344","GRSM","GRSM_061",23,4,"205","GRSM_061_205",1.1,130,1,NA
"10345","GRSM","GRSM_061",23,4,"206","GRSM_061_206",17.9,130,1,NA
"10346","GRSM","GRSM_061",23,4,"210","GRSM_061_210",18.2,130,1,NA
"10347","GRSM","GRSM_061",23,4,"211","GRSM_061_211",15.5,130,1,NA
"10348","GRSM","GRSM_061",23,4,"212","GRSM_061_212",1.7,130,1,NA
"10349","GRSM","GRSM_061",23,4,"213","GRSM_061_213",5.3,130,1,NA
"10350","GRSM","GRSM_061",23,3,"214","GRSM_061_214",5.3,130,1,NA
"10351","GRSM","GRSM_061",23,3,"217","GRSM_061_217",11.3,130,1,NA
"10352","GRSM","GRSM_061",23,3,"218","GRSM_061_218",11.6,130,1,NA
"10353","GRSM","GRSM_061",23,3,"219","GRSM_061_219",51,130,2,NA
"10354","GRSM","GRSM_061",23,3,"220","GRSM_061_220",8.9,130,1,NA
"10355","GRSM","GRSM_061",23,3,"221","GRSM_061_221",8.8,130,2,NA
"10356","GRSM","GRSM_061",23,3,"222","GRSM_061_222",9.2,130,1,NA
"10357","GRSM","GRSM_061",23,3,"223","GRSM_061_223",22.1,130,1,NA
"10358","GRSM","GRSM_061",23,3,"224","GRSM_061_224",7,130,1,NA
"10359","GRSM","GRSM_061",23,3,"226","GRSM_061_226",17.5,130,1,NA
"10360","GRSM","GRSM_061",23,3,"227","GRSM_061_227",12.3,130,1,NA
"10361","GRSM","GRSM_061",23,2,"260","GRSM_061_260",20.8,130,1,NA
"10362","GRSM","GRSM_061",23,2,"261","GRSM_061_261",12.4,130,1,NA
"10363","GRSM","GRSM_061",23,2,"262","GRSM_061_262",53.1,130,1,NA
"10364","GRSM","GRSM_061",23,1,"263","GRSM_061_263",13.2,130,1,NA
"10365","GRSM","GRSM_061",23,1,"264","GRSM_061_264",19.7,130,1,NA
"10366","GRSM","GRSM_061",23,1,"265","GRSM_061_265",24.7,130,1,NA
"10367","GRSM","GRSM_061",23,1,"266","GRSM_061_266",19.1,130,1,NA
"10368","GRSM","GRSM_061",23,1,"267","GRSM_061_267",14.2,130,1,NA
"10369","GRSM","GRSM_061",41,4,"268","GRSM_061_268",6.3,130,1,NA
"10370","GRSM","GRSM_061",41,4,"270","GRSM_061_270",13.5,130,1,NA
"10371","GRSM","GRSM_061",41,4,"271","GRSM_061_271",29.4,130,1,NA
"10372","GRSM","GRSM_061",41,4,"273","GRSM_061_273",2.7,130,1,NA
"10373","GRSM","GRSM_061",41,4,"274","GRSM_061_274",17,130,1,NA
"10374","GRSM","GRSM_061",41,4,"275","GRSM_061_275",14.3,130,1,NA
"10375","GRSM","GRSM_061",41,4,"276","GRSM_061_276",25.9,130,1,NA
"10376","GRSM","GRSM_061",41,4,"283","GRSM_061_283",5.9,130,1,NA
"10377","GRSM","GRSM_061",41,4,"284","GRSM_061_284",10,130,1,NA
"10378","GRSM","GRSM_061",41,4,"285","GRSM_061_285",6.2,130,1,NA
"10379","GRSM","GRSM_061",41,4,"287","GRSM_061_287",15.1,130,1,NA
"10380","GRSM","GRSM_061",41,2,"288","GRSM_061_288",11.1,130,2,NA
"10381","GRSM","GRSM_061",41,2,"289","GRSM_061_289",20.7,130,1,NA
"10382","GRSM","GRSM_061",41,2,"290","GRSM_061_290",61,130,2,NA
"10383","GRSM","GRSM_061",41,2,"291","GRSM_061_291",43,130,2,NA
"10384","GRSM","GRSM_061",41,2,"292","GRSM_061_292",78,130,1,NA
"10385","GRSM","GRSM_061",41,2,"293","GRSM_061_293",12.6,130,1,NA
"10386","GRSM","GRSM_061",41,2,"294","GRSM_061_294",13.5,130,1,NA
"10387","GRSM","GRSM_061",41,2,"295","GRSM_061_295",19.2,130,2,NA
"10388","GRSM","GRSM_061",41,2,"296","GRSM_061_296",11.5,130,1,NA
"10389","GRSM","GRSM_061",41,2,"297","GRSM_061_297",16,130,2,NA
"10390","GRSM","GRSM_061",41,1,"299","GRSM_061_299",18.5,130,2,NA
"10391","GRSM","GRSM_061",41,1,"301","GRSM_061_301",41.3,130,1,NA
"10392","GRSM","GRSM_061",41,1,"304","GRSM_061_304",1.4,130,1,NA
"10393","GRSM","GRSM_061",41,1,"305","GRSM_061_305",17.2,130,1,NA
"10394","GRSM","GRSM_061",41,1,"318","GRSM_061_318",12.9,130,2,NA
"10395","GRSM","GRSM_061",41,1,"310","GRSM_061_310",7.8,130,1,NA
"10396","GRSM","GRSM_061",41,1,"311","GRSM_061_311",5.1,130,2,NA
"10397","GRSM","GRSM_061",41,1,"312","GRSM_061_312",61.5,130,2,NA
"10398","GRSM","GRSM_061",41,1,"313","GRSM_061_313",9.7,130,1,NA
"10399","GRSM","GRSM_061",41,1,"314","GRSM_061_314",2.7,130,1,NA
"10400","GRSM","GRSM_061",41,1,"315","GRSM_061_315",3.8,130,1,NA
"10401","GRSM","GRSM_061",41,1,"317","GRSM_061_317",6.1,130,1,NA
"10402","GRSM","GRSM_061",41,1,"322","GRSM_061_322",4,130,1,NA
"10403","GRSM","GRSM_061",41,1,"319","GRSM_061_319",11.6,130,1,NA
"10404","GRSM","GRSM_062",21,3,"1679","GRSM_062_1679",10.6,130,1,NA
"10405","GRSM","GRSM_062",21,3,"1680","GRSM_062_1680",21.6,130,2,NA
"10406","GRSM","GRSM_062",21,3,"1681","GRSM_062_1681",10.7,130,4,NA
"10407","GRSM","GRSM_062",21,2,"1682","GRSM_062_1682",13.3,130,1,NA
"10408","GRSM","GRSM_062",21,2,"1683","GRSM_062_1683",16.9,130,1,NA
"10409","GRSM","GRSM_062",21,2,"1684","GRSM_062_1684",10.8,130,1,NA
"10410","GRSM","GRSM_062",21,4,"1685","GRSM_062_1685",10.5,130,1,NA
"10411","GRSM","GRSM_062",21,4,"1686","GRSM_062_1686",3,130,1,NA
"10412","GRSM","GRSM_062",21,4,"1690","GRSM_062_1690",11.2,130,1,NA
"10413","GRSM","GRSM_062",39,1,"1696","GRSM_062_1696",8.8,130,1,NA
"10414","GRSM","GRSM_062",21,1,"1633","GRSM_062_1633",40,130,1,NA
"10415","GRSM","GRSM_062",21,1,"1635","GRSM_062_1635",4.7,130,1,NA
"10416","GRSM","GRSM_062",21,1,"1642","GRSM_062_1642",15.8,130,1,NA
"10417","GRSM","GRSM_062",21,1,"1648","GRSM_062_1648",9.9,130,2,NA
"10418","GRSM","GRSM_062",21,1,"1663","GRSM_062_1663",13,130,1,NA
"10419","GRSM","GRSM_062",21,3,"1664","GRSM_062_1664",12,130,2,NA
"10420","GRSM","GRSM_062",21,3,"1671","GRSM_062_1671",28.3,130,2,NA
"10421","GRSM","GRSM_062",21,3,"1666","GRSM_062_1666",11.5,130,1,NA
"10422","GRSM","GRSM_062",21,3,"1667","GRSM_062_1667",18.9,130,1,NA
"10423","GRSM","GRSM_062",21,3,"1669","GRSM_062_1669",20,130,1,NA
"10424","GRSM","GRSM_062",21,3,"1670","GRSM_062_1670",27,130,1,NA
"10425","GRSM","GRSM_062",21,3,"1665","GRSM_062_1665",11,130,1,NA
"10426","GRSM","GRSM_062",21,3,"1672","GRSM_062_1672",10.2,130,1,NA
"10427","GRSM","GRSM_062",21,3,"1673","GRSM_062_1673",14,130,1,NA
"10428","GRSM","GRSM_062",21,3,"1674","GRSM_062_1674",13,130,1,NA
"10429","GRSM","GRSM_062",21,3,"1674A","GRSM_062_1674A",10,130,1,NA
"10430","GRSM","GRSM_062",21,3,"1675","GRSM_062_1675",51,130,1,NA
"10431","GRSM","GRSM_062",21,3,"1676","GRSM_062_1676",19.7,130,1,NA
"10432","GRSM","GRSM_062",21,3,"1676A","GRSM_062_1676A",15.3,130,1,NA
"10433","GRSM","GRSM_062",21,3,"1677","GRSM_062_1677",19,130,1,NA
"10434","GRSM","GRSM_062",39,1,"1698","GRSM_062_1698",1.2,130,1,NA
"10435","GRSM","GRSM_062",39,1,"1701","GRSM_062_1701",5.1,130,1,NA
"10436","GRSM","GRSM_062",39,1,"1702","GRSM_062_1702",2.3,130,1,NA
"10437","GRSM","GRSM_062",39,1,"1705","GRSM_062_1705",1.9,130,1,NA
"10438","GRSM","GRSM_062",39,1,"1706","GRSM_062_1706",5,130,1,NA
"10439","GRSM","GRSM_062",39,1,"1709","GRSM_062_1709",6.7,130,1,NA
"10440","GRSM","GRSM_062",39,1,"1711","GRSM_062_1711",1.2,130,1,NA
"10441","GRSM","GRSM_062",39,1,"1712","GRSM_062_1712",1.2,130,1,NA
"10442","GRSM","GRSM_062",39,1,"1715","GRSM_062_1715",1.7,130,1,NA
"10443","GRSM","GRSM_062",39,1,"1720","GRSM_062_1720",13.3,130,1,NA
"10444","GRSM","GRSM_062",39,1,"1721","GRSM_062_1721",11.7,130,1,NA
"10445","GRSM","GRSM_062",39,1,"1722","GRSM_062_1722",16.5,130,1,NA
"10446","GRSM","GRSM_062",39,3,"1723","GRSM_062_1723",13.3,130,1,NA
"10447","GRSM","GRSM_062",39,3,"1724","GRSM_062_1724",13.2,130,1,NA
"10448","GRSM","GRSM_062",39,1,"1725","GRSM_062_1725",37.3,130,2,NA
"10449","GRSM","GRSM_062",39,3,"1726","GRSM_062_1726",11.9,130,2,NA
"10450","GRSM","GRSM_062",39,3,"1727","GRSM_062_1727",14.9,130,1,NA
"10451","GRSM","GRSM_062",39,3,"1728","GRSM_062_1728",18.4,130,1,NA
"10452","GRSM","GRSM_062",39,1,"1729","GRSM_062_1729",14.8,130,1,NA
"10453","GRSM","GRSM_062",39,2,"1730","GRSM_062_1730",15.8,130,1,NA
"10454","GRSM","GRSM_062",39,2,"1731","GRSM_062_1731",21.4,130,1,NA
"10455","GRSM","GRSM_062",39,2,"1732","GRSM_062_1732",11.6,130,1,NA
"10456","GRSM","GRSM_062",39,4,"1733","GRSM_062_1733",15.9,130,1,NA
"10457","GRSM","GRSM_062",39,2,"1734","GRSM_062_1734",11.4,130,2,NA
"10458","GRSM","GRSM_062",39,4,"1735","GRSM_062_1735",10.2,130,1,NA
"10459","GRSM","GRSM_062",39,2,"1736","GRSM_062_1736",15.5,130,1,NA
"10460","GRSM","GRSM_062",39,4,"1738","GRSM_062_1738",15.1,130,1,NA
"10461","GRSM","GRSM_062",39,4,"1739","GRSM_062_1739",28.1,130,1,NA
"10462","GRSM","GRSM_062",39,3,"1740","GRSM_062_1740",44.4,130,2,NA
"10463","GRSM","GRSM_062",39,3,"1741","GRSM_062_1741",14.8,130,1,NA
"10464","GRSM","GRSM_062",39,3,"1741A","GRSM_062_1741A",12.2,130,1,NA
"10465","GRSM","GRSM_062",39,3,"1742","GRSM_062_1742",20.3,130,1,NA
"10466","GRSM","GRSM_062",39,3,"1743","GRSM_062_1743",16,130,1,NA
"10467","GRSM","GRSM_062",39,3,"1744","GRSM_062_1744",10.6,130,1,NA
"10468","GRSM","GRSM_062",39,3,"1745","GRSM_062_1745",21.5,130,1,NA
"10469","GRSM","GRSM_062",39,3,"1746","GRSM_062_1746",36.6,130,1,NA
"10470","GRSM","GRSM_062",39,3,"1747","GRSM_062_1747",33.7,130,1,NA
"10471","GRSM","GRSM_062",39,3,"1756","GRSM_062_1756",7.5,130,1,NA
"10472","GRSM","GRSM_062",39,3,"1757","GRSM_062_1757",2.2,130,1,NA
"10473","GRSM","GRSM_062",39,3,"1760","GRSM_062_1760",1.6,130,1,NA
"10474","GRSM","GRSM_063",23,NA,"1347","GRSM_063_1347",1,130,1,NA
"10475","GRSM","GRSM_063",23,NA,"1349","GRSM_063_1349",8.7,130,1,NA
"10476","GRSM","GRSM_063",23,NA,"1350","GRSM_063_1350",28.9,130,1,NA
"10477","GRSM","GRSM_063",23,NA,"1352","GRSM_063_1352",12.4,130,1,NA
"10478","GRSM","GRSM_063",23,NA,"1353","GRSM_063_1353",1.4,130,1,NA
"10479","GRSM","GRSM_063",23,NA,"1354","GRSM_063_1354",60.6,130,1,NA
"10480","GRSM","GRSM_063",23,NA,"1355","GRSM_063_1355",5.6,130,1,NA
"10481","GRSM","GRSM_063",23,NA,"1356","GRSM_063_1356",41.5,130,1,NA
"10482","GRSM","GRSM_063",23,NA,"1358","GRSM_063_1358",6.5,130,1,NA
"10483","GRSM","GRSM_063",23,2,"1365","GRSM_063_1365",14.2,130,1,NA
"10484","GRSM","GRSM_063",23,NA,"1369","GRSM_063_1369",4.1,130,1,NA
"10485","GRSM","GRSM_063",23,NA,"1373","GRSM_063_1373",20.2,130,2,NA
"10486","GRSM","GRSM_063",23,NA,"1375","GRSM_063_1375",1.1,130,1,NA
"10487","GRSM","GRSM_063",23,NA,"1376","GRSM_063_1376",28.6,130,1,NA
"10488","GRSM","GRSM_063",23,NA,"1377","GRSM_063_1377",4,130,1,NA
"10489","GRSM","GRSM_063",23,NA,"1380","GRSM_063_1380",14.5,130,1,NA
"10490","GRSM","GRSM_063",23,NA,"1381","GRSM_063_1381",59,130,1,NA
"10491","GRSM","GRSM_063",23,NA,"1383","GRSM_063_1383",25.2,130,2,NA
"10492","GRSM","GRSM_063",23,NA,"1384","GRSM_063_1384",50.5,130,1,NA
"10493","GRSM","GRSM_063",23,NA,"1385","GRSM_063_1385",21.3,130,1,NA
"10494","GRSM","GRSM_063",23,1,"1386","GRSM_063_1386",23.7,130,1,NA
"10495","GRSM","GRSM_063",21,1,"1387","GRSM_063_1387",23.4,130,1,NA
"10496","GRSM","GRSM_063",21,1,"1388","GRSM_063_1388",23.4,130,2,NA
"10497","GRSM","GRSM_063",21,1,"1389","GRSM_063_1389",15,130,1,NA
"10498","GRSM","GRSM_063",23,3,"1390","GRSM_063_1390",10.5,130,1,NA
"10499","GRSM","GRSM_063",23,3,"1391","GRSM_063_1391",73.5,130,1,NA
"10500","GRSM","GRSM_063",23,3,"1392","GRSM_063_1392",86.7,130,1,NA
"10501","GRSM","GRSM_063",23,3,"1393","GRSM_063_1393",11.8,130,1,NA
"10502","GRSM","GRSM_063",23,3,"1394","GRSM_063_1394",52,130,1,NA
"10503","GRSM","GRSM_063",23,2,"1395","GRSM_063_1395",48.7,130,1,NA
"10504","GRSM","GRSM_063",39,3,"1397","GRSM_063_1397",5.8,130,1,NA
"10505","GRSM","GRSM_063",39,3,"1400","GRSM_063_1400",44,130,1,NA
"10506","GRSM","GRSM_063",39,3,"1401","GRSM_063_1401",1.4,130,1,NA
"10507","GRSM","GRSM_063",39,3,"1402","GRSM_063_1402",42,130,1,NA
"10508","GRSM","GRSM_063",39,3,"1403","GRSM_063_1403",2.9,130,1,NA
"10509","GRSM","GRSM_063",39,3,"1404","GRSM_063_1404",4.2,130,1,NA
"10510","GRSM","GRSM_063",39,3,"1405","GRSM_063_1405",7.9,130,1,NA
"10511","GRSM","GRSM_063",39,3,"1407","GRSM_063_1407",2.9,130,1,NA
"10512","GRSM","GRSM_063",39,3,"1410","GRSM_063_1410",5.8,130,1,NA
"10513","GRSM","GRSM_063",39,3,"1416","GRSM_063_1416",7.6,130,1,NA
"10514","GRSM","GRSM_063",39,3,"1419","GRSM_063_1419",22,130,1,NA
"10515","GRSM","GRSM_063",39,1,"1422","GRSM_063_1422",56,130,2,NA
"10516","GRSM","GRSM_063",39,1,"1426","GRSM_063_1426",4.1,130,1,NA
"10517","GRSM","GRSM_063",39,1,"1427","GRSM_063_1427",44,130,1,NA
"10518","GRSM","GRSM_063",39,1,"1428","GRSM_063_1428",15,130,1,NA
"10519","GRSM","GRSM_063",39,1,"1429","GRSM_063_1429",1.5,130,1,NA
"10520","GRSM","GRSM_063",39,1,"1431","GRSM_063_1431",48,130,1,NA
"10521","GRSM","GRSM_063",39,1,"1431A","GRSM_063_1431A",42,130,1,NA
"10522","GRSM","GRSM_063",39,1,"1432","GRSM_063_1432",1,130,1,NA
"10523","GRSM","GRSM_063",39,1,"1433","GRSM_063_1433",5.2,130,1,NA
"10524","GRSM","GRSM_063",39,1,"1435","GRSM_063_1435",4.3,130,1,NA
"10525","GRSM","GRSM_063",39,1,"1438","GRSM_063_1438",45.3,130,1,NA
"10526","GRSM","GRSM_063",39,1,"1439","GRSM_063_1439",1.6,130,1,NA
"10527","GRSM","GRSM_063",39,1,"1440","GRSM_063_1440",4.6,130,1,NA
"10528","GRSM","GRSM_063",39,1,"1442","GRSM_063_1442",2.6,130,1,NA
"10529","GRSM","GRSM_063",39,1,"1443","GRSM_063_1443",4.3,130,1,NA
"10530","GRSM","GRSM_063",39,4,"1453","GRSM_063_1453",58.1,130,1,NA
"10531","GRSM","GRSM_063",39,4,"1454","GRSM_063_1454",20,130,1,NA
"10532","GRSM","GRSM_063",39,2,"1456","GRSM_063_1456",23,130,1,NA
"10533","GRSM","GRSM_063",39,2,"1457","GRSM_063_1457",63.1,130,1,NA
"10534","GRSM","GRSM_063",39,2,"1458","GRSM_063_1458",3.9,130,2,NA
"10535","GRSM","GRSM_063",39,1,"1425","GRSM_063_1425",1.5,130,1,NA
"10536","GRSM","GRSM_064",23,2,"958","GRSM_064_958",10,130,1,NA
"10537","GRSM","GRSM_064",23,2,"959","GRSM_064_959",28.9,130,1,NA
"10538","GRSM","GRSM_064",23,2,"960","GRSM_064_960",1,130,1,NA
"10539","GRSM","GRSM_064",23,2,"963","GRSM_064_963",373.3,130,1,NA
"10540","GRSM","GRSM_064",23,NA,"973","GRSM_064_973",1.2,130,1,NA
"10541","GRSM","GRSM_064",23,NA,"975","GRSM_064_975",58.2,130,1,NA
"10542","GRSM","GRSM_064",23,4,"984","GRSM_064_984",12.3,130,1,NA
"10543","GRSM","GRSM_064",23,4,"985","GRSM_064_985",1.2,130,1,NA
"10544","GRSM","GRSM_064",23,4,"986","GRSM_064_986",7.5,130,1,NA
"10545","GRSM","GRSM_064",23,4,"987","GRSM_064_987",18.9,130,2,NA
"10546","GRSM","GRSM_064",23,4,"988","GRSM_064_988",2.6,130,1,NA
"10547","GRSM","GRSM_064",23,4,"992","GRSM_064_992",1.1,130,1,NA
"10548","GRSM","GRSM_064",23,4,"995","GRSM_064_995",31.4,130,1,NA
"10549","GRSM","GRSM_064",23,4,"997","GRSM_064_997",10.3,130,1,NA
"10550","GRSM","GRSM_064",23,4,"998","GRSM_064_998",1,130,1,NA
"10551","GRSM","GRSM_064",23,4,"1000","GRSM_064_1000",2.2,130,1,NA
"10552","GRSM","GRSM_064",23,4,"1001","GRSM_064_1001",1.5,130,1,NA
"10553","GRSM","GRSM_064",23,4,"1002","GRSM_064_1002",1.2,130,1,NA
"10554","GRSM","GRSM_064",23,4,"1003","GRSM_064_1003",4.3,130,1,NA
"10555","GRSM","GRSM_064",23,4,"1004","GRSM_064_1004",2.5,130,1,NA
"10556","GRSM","GRSM_064",23,4,"1005","GRSM_064_1005",5.4,130,1,NA
"10557","GRSM","GRSM_064",23,4,"1008","GRSM_064_1008",1.3,130,1,NA
"10558","GRSM","GRSM_064",23,4,"1009","GRSM_064_1009",1.4,130,1,NA
"10559","GRSM","GRSM_064",23,4,"1011","GRSM_064_1011",1.4,130,1,NA
"10560","GRSM","GRSM_064",23,4,"1012","GRSM_064_1012",1.8,130,1,NA
"10561","GRSM","GRSM_064",23,4,"1013","GRSM_064_1013",2,130,1,NA
"10562","GRSM","GRSM_064",23,3,"1014","GRSM_064_1014",34.4,130,1,NA
"10563","GRSM","GRSM_064",23,3,"1015","GRSM_064_1015",9.7,130,1,NA
"10564","GRSM","GRSM_064",23,3,"1016","GRSM_064_1016",56.2,130,1,NA
"10565","GRSM","GRSM_064",23,3,"1017","GRSM_064_1017",14,130,1,NA
"10566","GRSM","GRSM_064",23,3,"1018","GRSM_064_1018",19.7,130,1,NA
"10567","GRSM","GRSM_064",23,3,"1019","GRSM_064_1019",47.5,130,1,NA
"10568","GRSM","GRSM_064",23,3,"1020","GRSM_064_1020",34.2,130,1,NA
"10569","GRSM","GRSM_064",23,3,"1021","GRSM_064_1021",16,130,1,NA
"10570","GRSM","GRSM_064",23,3,"1022","GRSM_064_1022",53,130,1,NA
"10571","GRSM","GRSM_064",23,3,"1023","GRSM_064_1023",12.4,130,4,NA
"10572","GRSM","GRSM_064",23,3,"1024","GRSM_064_1024",41.2,130,1,NA
"10573","GRSM","GRSM_064",39,1,"1025","GRSM_064_1025",11,130,1,NA
"10574","GRSM","GRSM_064",39,1,"1026","GRSM_064_1026",4.1,130,1,NA
"10575","GRSM","GRSM_064",39,1,"1027","GRSM_064_1027",56.7,130,1,NA
"10576","GRSM","GRSM_064",39,1,"1028","GRSM_064_1028",3.5,130,1,NA
"10577","GRSM","GRSM_064",39,1,"1029","GRSM_064_1029",4.5,130,1,NA
"10578","GRSM","GRSM_064",39,1,"1030","GRSM_064_1030",42.6,130,1,NA
"10579","GRSM","GRSM_064",39,1,"1031","GRSM_064_1031",15.1,130,2,NA
"10580","GRSM","GRSM_064",39,1,"1032","GRSM_064_1032",5.5,130,1,NA
"10581","GRSM","GRSM_064",39,1,"1033","GRSM_064_1033",12,130,1,NA
"10582","GRSM","GRSM_064",39,1,"1034","GRSM_064_1034",12,130,2,NA
"10583","GRSM","GRSM_064",39,1,"1035","GRSM_064_1035",35.9,130,1,NA
"10584","GRSM","GRSM_064",39,NA,"1036","GRSM_064_1036",3.2,130,1,NA
"10585","GRSM","GRSM_064",39,NA,"1037","GRSM_064_1037",4.9,130,1,NA
"10586","GRSM","GRSM_064",39,NA,"1038","GRSM_064_1038",36.8,130,1,NA
"10587","GRSM","GRSM_064",39,3,"1039","GRSM_064_1039",25,130,1,NA
"10588","GRSM","GRSM_064",39,3,"1040","GRSM_064_1040",13.7,130,1,NA
"10589","GRSM","GRSM_064",39,3,"1042","GRSM_064_1042",10.6,130,2,NA
"10590","GRSM","GRSM_064",3,3,"1043","GRSM_064_1043",33.1,130,1,NA
"10591","GRSM","GRSM_064",39,3,"1043A","GRSM_064_1043A",25.4,130,1,NA
"10592","GRSM","GRSM_064",39,3,"1044","GRSM_064_1044",31.9,130,1,NA
"10593","GRSM","GRSM_064",39,3,"1046","GRSM_064_1046",3.5,130,1,NA
"10594","GRSM","GRSM_064",39,3,"1047","GRSM_064_1047",12.8,130,2,NA
"10595","GRSM","GRSM_064",39,3,"1048","GRSM_064_1048",12.4,130,2,NA
"10596","GRSM","GRSM_064",39,3,"1049","GRSM_064_1049",56.3,130,1,NA
"10597","GRSM","GRSM_064",39,2,"1050","GRSM_064_1050",15.6,130,1,NA
"10598","GRSM","GRSM_064",39,2,"1051","GRSM_064_1051",28.1,130,1,NA
"10599","GRSM","GRSM_064",39,2,"1052","GRSM_064_1052",34,130,1,NA
"10600","GRSM","GRSM_064",39,2,"1053","GRSM_064_1053",30,130,4,NA
"10601","GRSM","GRSM_064",39,2,"1054","GRSM_064_1054",46.1,130,1,NA
"10602","GRSM","GRSM_064",39,2,"1055","GRSM_064_1055",21,130,1,NA
"10603","GRSM","GRSM_064",39,2,"1056","GRSM_064_1056",26.1,130,1,NA
"10604","GRSM","GRSM_064",39,2,"1057","GRSM_064_1057",46.2,130,1,NA
"10605","GRSM","GRSM_064",39,2,"1058","GRSM_064_1058",12,130,2,NA
"10606","GRSM","GRSM_064",39,2,"1059","GRSM_064_1059",18,130,2,NA
"10607","GRSM","GRSM_064",39,2,"1060","GRSM_064_1060",31.1,130,2,NA
"10608","GRSM","GRSM_065",21,1,"882","GRSM_065_882",18.5,130,1,NA
"10609","GRSM","GRSM_065",21,1,"883","GRSM_065_883",32,130,1,NA
"10610","GRSM","GRSM_065",21,1,"884","GRSM_065_884",38,130,1,NA
"10611","GRSM","GRSM_065",21,1,"885","GRSM_065_885",10.2,130,1,NA
"10612","GRSM","GRSM_065",21,1,"886","GRSM_065_886",12.7,130,1,NA
"10613","GRSM","GRSM_065",21,3,"887","GRSM_065_887",16,130,1,NA
"10614","GRSM","GRSM_065",21,3,"888","GRSM_065_888",27.5,130,1,NA
"10615","GRSM","GRSM_065",21,3,"889","GRSM_065_889",52.3,130,1,NA
"10616","GRSM","GRSM_065",21,3,"890","GRSM_065_890",1.6,130,1,NA
"10617","GRSM","GRSM_065",21,3,"891","GRSM_065_891",12,130,4,NA
"10618","GRSM","GRSM_065",21,3,"892","GRSM_065_892",14.2,130,2,NA
"10619","GRSM","GRSM_065",21,2,"893","GRSM_065_893",18,130,1,NA
"10620","GRSM","GRSM_065",21,2,"895","GRSM_065_895",31.2,130,1,NA
"10621","GRSM","GRSM_065",21,2,"895A","GRSM_065_895A",17,130,1,NA
"10622","GRSM","GRSM_065",21,2,"896","GRSM_065_896",23.2,130,1,NA
"10623","GRSM","GRSM_065",21,2,"897","GRSM_065_897",41.2,130,1,NA
"10624","GRSM","GRSM_065",21,2,"898","GRSM_065_898",13.4,130,1,NA
"10625","GRSM","GRSM_065",21,2,"899","GRSM_065_899",30.9,130,1,NA
"10626","GRSM","GRSM_065",21,2,"900","GRSM_065_900",28,130,1,NA
"10627","GRSM","GRSM_065",21,2,"901","GRSM_065_901",10.8,130,1,NA
"10628","GRSM","GRSM_065",21,2,"902","GRSM_065_902",40.9,130,1,NA
"10629","GRSM","GRSM_065",21,4,"903","GRSM_065_903",5.8,130,1,NA
"10630","GRSM","GRSM_065",21,4,"904","GRSM_065_904",30.3,130,1,NA
"10631","GRSM","GRSM_065",21,4,"905","GRSM_065_905",12.2,130,1,NA
"10632","GRSM","GRSM_065",21,4,"905A","GRSM_065_905A",11.8,130,1,NA
"10633","GRSM","GRSM_065",21,4,"906","GRSM_065_906",11.5,130,1,NA
"10634","GRSM","GRSM_065",21,4,"907","GRSM_065_907",18.3,130,2,NA
"10635","GRSM","GRSM_065",21,4,"908","GRSM_065_908",2.9,130,1,NA
"10636","GRSM","GRSM_065",21,4,"909","GRSM_065_909",1.7,130,1,NA
"10637","GRSM","GRSM_065",21,4,"910","GRSM_065_910",3.6,130,1,NA
"10638","GRSM","GRSM_065",23,2,"911","GRSM_065_911",1.58,130,1,NA
"10639","GRSM","GRSM_065",21,4,"912","GRSM_065_912",2,130,1,NA
"10640","GRSM","GRSM_065",21,4,"913","GRSM_065_913",3.5,130,1,NA
"10641","GRSM","GRSM_065",21,4,"914","GRSM_065_914",4.2,130,1,NA
"10642","GRSM","GRSM_065",21,2,"894","GRSM_065_894",36,130,1,NA
"10643","GRSM","GRSM_065",23,2,"920","GRSM_065_920",14.3,130,1,NA
"10644","GRSM","GRSM_065",23,2,"921","GRSM_065_921",16.5,130,1,NA
"10645","GRSM","GRSM_065",23,2,"922","GRSM_065_922",26.3,130,1,NA
"10646","GRSM","GRSM_065",23,4,"923","GRSM_065_923",22.6,130,4,NA
"10647","GRSM","GRSM_065",23,4,"923A","GRSM_065_923A",21.2,130,4,NA
"10648","GRSM","GRSM_065",23,4,"924","GRSM_065_924",34.1,130,2,NA
"10649","GRSM","GRSM_065",23,3,"925","GRSM_065_925",42.2,130,1,NA
"10650","GRSM","GRSM_065",23,1,"926","GRSM_065_926",12.8,130,1,NA
"10651","GRSM","GRSM_065",23,1,"927","GRSM_065_927",10.5,130,1,NA
"10652","GRSM","GRSM_065",23,1,"928","GRSM_065_928",28.4,130,1,NA
"10653","GRSM","GRSM_065",23,1,"930","GRSM_065_930",16.6,130,1,NA
"10654","GRSM","GRSM_065",23,1,"931","GRSM_065_931",23.5,130,1,NA
"10655","GRSM","GRSM_065",23,1,"931A","GRSM_065_931A",13.6,130,1,NA
"10656","GRSM","GRSM_065",23,3,"932","GRSM_065_932",15.4,130,1,NA
"10657","GRSM","GRSM_065",23,3,"933","GRSM_065_933",18,130,2,NA
"10658","GRSM","GRSM_065",23,3,"934","GRSM_065_934",25.3,130,1,NA
"10659","GRSM","GRSM_065",23,3,"935","GRSM_065_935",13.2,130,1,NA
"10660","GRSM","GRSM_065",23,3,"936","GRSM_065_936",15.5,130,1,NA
"10661","GRSM","GRSM_065",23,3,"937","GRSM_065_937",13.5,130,1,NA
"10662","GRSM","GRSM_065",23,3,"938","GRSM_065_938",39.5,130,1,NA
"10663","GRSM","GRSM_065",23,3,"939","GRSM_065_939",11.3,130,1,NA
"10664","GRSM","GRSM_065",23,3,"940","GRSM_065_940",41.3,130,1,NA
"10665","GRSM","GRSM_065",23,4,"947","GRSM_065_947",1.1,130,1,NA
"10666","GRSM","GRSM_065",23,4,"949","GRSM_065_949",4,130,1,NA
"10667","GRSM","GRSM_065",23,1,"929","GRSM_065_929",38.8,130,1,NA
"10668","GRSM","GRSM_066",21,NA,"1061","GRSM_066_1061",5.6,130,1,NA
"10669","GRSM","GRSM_066",21,NA,"1062","GRSM_066_1062",7.2,130,1,NA
"10670","GRSM","GRSM_066",21,NA,"1063","GRSM_066_1063",60.1,130,1,NA
"10671","GRSM","GRSM_066",21,NA,"1064","GRSM_066_1064",38.3,130,1,NA
"10672","GRSM","GRSM_066",21,NA,"1066","GRSM_066_1066",8.5,130,1,NA
"10673","GRSM","GRSM_066",21,NA,"1070","GRSM_066_1070",58.5,130,1,NA
"10674","GRSM","GRSM_066",21,NA,"1070A","GRSM_066_1070A",58.1,130,1,NA
"10675","GRSM","GRSM_066",21,NA,"1071","GRSM_066_1071",25.5,130,1,NA
"10676","GRSM","GRSM_066",21,NA,"1072","GRSM_066_1072",17,130,1,NA
"10677","GRSM","GRSM_066",21,NA,"1073","GRSM_066_1073",31.3,130,1,NA
"10678","GRSM","GRSM_066",21,NA,"1074","GRSM_066_1074",58.1,130,1,NA
"10679","GRSM","GRSM_066",21,NA,"1075","GRSM_066_1075",19.8,130,1,NA
"10680","GRSM","GRSM_066",21,NA,"1076","GRSM_066_1076",14,130,1,NA
"10681","GRSM","GRSM_066",21,NA,"1077","GRSM_066_1077",16,130,1,NA
"10682","GRSM","GRSM_066",21,NA,"1078","GRSM_066_1078",12.6,130,1,NA
"10683","GRSM","GRSM_066",39,1,"1081","GRSM_066_1081",35.3,130,1,NA
"10684","GRSM","GRSM_066",39,1,"1094","GRSM_066_1094",70.7,130,1,NA
"10685","GRSM","GRSM_066",39,1,"1095","GRSM_066_1095",12,130,1,NA
"10686","GRSM","GRSM_066",39,3,"1096","GRSM_066_1096",43.7,130,1,NA
"10687","GRSM","GRSM_066",39,3,"1097","GRSM_066_1097",13.3,130,1,NA
"10688","GRSM","GRSM_066",39,1,"1099","GRSM_066_1099",11.4,130,1,NA
"10689","GRSM","GRSM_066",39,1,"1100","GRSM_066_1100",21.1,130,1,NA
"10690","GRSM","GRSM_066",39,3,"1101","GRSM_066_1101",29.8,130,1,NA
"10691","GRSM","GRSM_066",39,4,"1102","GRSM_066_1102",46,130,6,NA
"10692","GRSM","GRSM_066",39,4,"1103","GRSM_066_1103",56,130,1,NA
"10693","GRSM","GRSM_066",39,3,"1109","GRSM_066_1109",50.1,130,1,NA
