"domainid","siteid","plotid","date","enddate","plottype","plotsize","mixedsite","yearboutbegan","samplingprotocolversion","targettaxapresent","randomsubplota","randomsubplotb","treespresent","treesabsentlist_ingest","shrubspresent","shrubsabsentlist_ingest","lianaspresent","lianasabsentlist_ingest","cactipresent","cactiabsentlist_ingest","fernspresent","fernsabsentlist_ingest","yuccaspresent","yuccaabsentlist_ingest","palmspresent","palmsabsentlist_ingest","ocotillospresent","ocotillosabsentlist_ingest","xerophyllumpresent","xerophyllumabsentlist_ingest","nestedsubplotareashrubsapling","nestedsubplotarealiana","nestedsubplotareaother","totalsampledareatrees","totalsampledareashrubsapling","totalsampledarealiana","totalsampledareaother","remarks","dataqf"
"D01","BART","BART_070","2016-09-12T00:00:00.000Z","2016-09-12","tower","1600","FALSE",2016,"NEON.DOC.000987vE","Y","39","41","Y","presentInAll","N",NA,"N",NA,"N",NA,"N",NA,"N",NA,"N",NA,"N",NA,"N",NA,"100","noneSelected","noneSelected",800,400,800,800,NA,NA
"D01","BART","BART_070","2017-07-10T00:00:00.000Z","2017-07-10","tower","1600","FALSE",2017,"NEON.DOC.000987vG","Y","39","41","Y","presentInAll","Y","39_1|41_1|41_4","N",NA,"N",NA,"Y","39_1|39_3|41_1","N",NA,"N",NA,"N",NA,"N",NA,"100","noneSelected","10",800,400,800,40,NA,NA
"D01","BART","BART_071","2017-07-10T00:00:00.000Z","2017-07-10","tower","1600","FALSE",2017,"NEON.DOC.000987vG","Y","21","39","Y","presentInAll","N",NA,"N",NA,"N",NA,"Y","21","N",NA,"N",NA,"N",NA,"N",NA,"25","noneSelected","noneSelected",400,400,400,400,NA,NA
"D01","BART","BART_032","2017-07-10T00:00:00.000Z","2017-07-10","tower","1600","FALSE",2017,"NEON.DOC.000987vG","Y","23","39","Y","presentInAll","N",NA,"N",NA,"N",NA,"Y","presentInAll","N",NA,"N",NA,"N",NA,"N",NA,"25","noneSelected","noneSelected",800,100,800,800,NA,NA
"D01","BART","BART_071","2016-08-07T00:00:00.000Z","2016-08-07","tower","1600","FALSE",2016,"NEON.DOC.000987vE","Y","21","39","Y","presentInAll","N",NA,"N",NA,"N",NA,"N",NA,"N",NA,"N",NA,"N",NA,"N",NA,"noneSelected","noneSelected","noneSelected",800,800,800,800,NA,NA
"D01","BART","BART_032","2016-08-02T00:00:00.000Z","2016-08-02","tower","1600","FALSE",2016,"NEON.DOC.000987vE","Y","23","39","Y",NA,"N",NA,"N",NA,"N",NA,"Y",NA,"N",NA,"N",NA,"N",NA,"N",NA,"25","noneSelected","noneSelected",800,100,800,800,NA,NA
"D01","BART","BART_047","2016-08-01T00:00:00.000Z","2016-08-01","tower","1600","FALSE",2016,"NEON.DOC.000987vE","Y","21","41","Y","presentInAll","Y","21_4","N",NA,"N",NA,"Y","presentInAll","N",NA,"N",NA,"N",NA,"N",NA,"100","noneSelected","100",800,400,800,400,NA,NA
"D01","BART","BART_036","2016-08-23T00:00:00.000Z","2016-08-23","tower","1600","FALSE",2016,"NEON.DOC.000987vE","Y","21","41","Y","presentInAll","N",NA,"N",NA,"N",NA,"N",NA,"N",NA,"N",NA,"N",NA,"N",NA,"noneSelected","noneSelected","noneSelected",800,800,800,800,NA,NA
"D01","BART","BART_033","2016-08-23T00:00:00.000Z","2016-08-23","tower","1600","FALSE",2016,"NEON.DOC.000987vE","Y","23","41","Y","presentInAll","N",NA,"N",NA,"N",NA,"N",NA,"N",NA,"N",NA,"N",NA,"N",NA,"noneSelected","noneSelected","noneSelected",800,800,800,800,NA,NA
"D01","BART","BART_037","2016-09-14T00:00:00.000Z","2016-09-14","tower","1600","FALSE",2016,"NEON.DOC.000987vE","Y","21","41","Y","presentInAll","N",NA,"N",NA,"N",NA,"N",NA,"N",NA,"N",NA,"N",NA,"N",NA,"noneSelected","noneSelected","noneSelected",800,800,800,800,NA,NA
"D01","BART","BART_041","2016-08-16T00:00:00.000Z","2016-08-16","tower","1600","FALSE",2016,"NEON.DOC.000987vE","Y","23","39","Y","presentInAll","N",NA,"N",NA,"N",NA,"N",NA,"N",NA,"N",NA,"N",NA,"N",NA,"noneSelected","noneSelected","noneSelected",800,800,800,800,NA,NA
"D01","BART","BART_044","2016-09-13T00:00:00.000Z","2016-09-13","tower","1600","FALSE",2016,"NEON.DOC.000987vE","Y","23","39","Y","presentInAll","N",NA,"N",NA,"N",NA,"N",NA,"N",NA,"N",NA,"N",NA,"N",NA,"noneSelected","noneSelected","noneSelected",800,800,800,800,NA,NA
"D01","BART","BART_051","2016-08-24T00:00:00.000Z","2016-08-24","tower","1600","FALSE",2016,"NEON.DOC.000987vE","Y","39","41","Y","presentInAll","N",NA,"N",NA,"N",NA,"N",NA,"N",NA,"N",NA,"N",NA,"N",NA,"noneSelected","noneSelected","noneSelected",800,800,800,800,NA,NA
"D01","BART","BART_074","2016-09-12T00:00:00.000Z","2016-09-12","tower","1600","FALSE",2016,"NEON.DOC.000987vE","Y","39","41","Y","presentInAll","N",NA,"N",NA,"N",NA,"N",NA,"N",NA,"N",NA,"N",NA,"N",NA,"noneSelected","noneSelected","noneSelected",800,800,800,800,NA,NA
"D01","BART","BART_046","2016-08-01T00:00:00.000Z","2016-08-01","tower","1600","FALSE",2016,"NEON.DOC.000987vE","Y","39","41","Y","presentInAll","N",NA,"N",NA,"N",NA,"N",NA,"N",NA,"N",NA,"N",NA,"N",NA,"100","noneSelected","noneSelected",800,400,800,800,NA,NA
"D01","BART","BART_072","2016-08-03T00:00:00.000Z","2016-08-03","tower","1600","FALSE",2016,"NEON.DOC.000987vE","Y","21","39","Y","presentInAll","N",NA,"N",NA,"N",NA,"N",NA,"N",NA,"N",NA,"N",NA,"N",NA,"10","noneSelected","noneSelected",800,40,800,800,NA,NA
"D01","BART","BART_042","2016-08-03T00:00:00.000Z","2016-08-03","tower","1600","FALSE",2016,"NEON.DOC.000987vE","Y","39","41","Y","presentInAll","Y","39_3|41_1|41_4","N",NA,"N",NA,"Y","presentInAll","N",NA,"N",NA,"N",NA,"N",NA,"100","noneSelected","25",800,400,800,100,NA,NA
"D01","BART","BART_075","2016-08-22T00:00:00.000Z","2016-08-22","tower","1600","FALSE",2016,"NEON.DOC.000987vE","Y","23","41","Y","presentInAll","Y","41","N",NA,"N",NA,"Y","presentInAll","N",NA,"N",NA,"N",NA,"N",NA,"noneSelected","noneSelected","noneSelected",800,800,800,800,NA,NA
"D01","BART","BART_073","2016-08-30T00:00:00.000Z","2016-08-30","tower","1600","FALSE",2016,"NEON.DOC.000987vE","Y","23","39","Y","presentInAll","N",NA,"N",NA,"N",NA,"Y","presentInAll","N",NA,"N",NA,"N",NA,"N",NA,"noneSelected","noneSelected","noneSelected",800,800,800,800,NA,NA
"D01","BART","BART_040","2016-09-06T00:00:00.000Z","2016-09-06","tower","1600","FALSE",2016,"NEON.DOC.000987vE","Y","21","41","Y","presentInAll","Y","21","N",NA,"N",NA,"Y","presentInAll","N",NA,"N",NA,"N",NA,"N",NA,"noneSelected","noneSelected","100",800,800,800,400,NA,NA
"D01","BART","BART_039","2016-08-30T00:00:00.000Z","2016-08-30","tower","1600","FALSE",2016,"NEON.DOC.000987vE","Y","39","41","Y","presentInAll","Y","39","N",NA,"N",NA,"Y","39_3","N",NA,"N",NA,"N",NA,"N",NA,"noneSelected","noneSelected","25",800,800,800,100,NA,NA
"D01","BART","BART_050","2016-08-24T00:00:00.000Z","2016-08-24","tower","1600","FALSE",2016,"NEON.DOC.000987vE","Y","21","41","Y","presentInAll","Y","41","N",NA,"N",NA,"Y","41_1|41_4","N",NA,"N",NA,"N",NA,"N",NA,"noneSelected","noneSelected","25",800,800,800,100,NA,NA
"D01","BART","BART_032","2016-09-07T00:00:00.000Z","2016-09-07","tower","1600","FALSE",2016,"NEON.DOC.000987vE","Y","23","39","Y","presentInAll","N",NA,"N",NA,"N",NA,"N",NA,"N",NA,"N",NA,"N",NA,"N",NA,"25","noneSelected","noneSelected",800,100,800,800,NA,NA
"D01","BART","BART_033","2016-08-23T00:00:00.000Z","2016-08-23","tower","1600","FALSE",2016,"NEON.DOC.000987vE","Y","23","41","Y","presentInAll","N",NA,"N",NA,"N",NA,"N",NA,"N",NA,"N",NA,"N",NA,"N",NA,"25","noneSelected","noneSelected",800,100,800,800,NA,NA
"D01","BART","BART_040","2017-07-10T00:00:00.000Z","2017-07-10","tower","1600","FALSE",2017,"NEON.DOC.000987vG","Y","21","41","Y","presentInAll","N",NA,"N",NA,"N",NA,"Y","presentInAll","N",NA,"N",NA,"N",NA,"N",NA,"25","noneSelected","100",400,400,400,400,NA,NA
"D01","BART","BART_047","2017-07-10T00:00:00.000Z","2017-07-10","tower","1600","FALSE",2017,"NEON.DOC.000987vG","Y","21","41","Y","presentInAll","N",NA,"N",NA,"N",NA,"Y","presentInAll","N",NA,"N",NA,"N",NA,"N",NA,"100","noneSelected","100",800,400,800,400,NA,NA
"D01","BART","BART_034","2016-08-17T00:00:00.000Z","2016-08-17","tower","1600","FALSE",2016,"NEON.DOC.000987vE","Y","21","41","Y","presentInAll","N",NA,"N",NA,"N",NA,"N",NA,"N",NA,"N",NA,"N",NA,"N",NA,"100","100","100",800,400,400,400,NA,NA
"D01","BART","BART_033","2017-07-10T00:00:00.000Z","2017-07-10","tower","1600","FALSE",2017,"NEON.DOC.000987vG","Y","23","41","Y","presentInAll","N",NA,"N",NA,"N",NA,"N",NA,"N",NA,"N",NA,"N",NA,"N",NA,"25","noneSelected","noneSelected",800,100,800,800,NA,NA
"D01","BART","BART_034","2017-07-10T00:00:00.000Z","2017-07-10","tower","1600","FALSE",2017,"NEON.DOC.000987vG","Y","21","41","Y","presentInAll","N",NA,"N",NA,"N",NA,"N",NA,"N",NA,"N",NA,"N",NA,"N",NA,"100","noneSelected","noneSelected",800,100,800,800,NA,NA
"D01","BART","BART_036","2017-07-10T00:00:00.000Z","2017-07-10","tower","1600","FALSE",2017,"NEON.DOC.000987vG","Y","21","41","Y","presentInAll","N",NA,"N",NA,"N",NA,"N",NA,"N",NA,"N",NA,"N",NA,"N",NA,"25","noneSelected","noneSelected",400,400,400,400,NA,NA
"D01","BART","BART_037","2017-07-10T00:00:00.000Z","2017-07-10","tower","1600","FALSE",2017,"NEON.DOC.000987vG","Y","21","41","Y","presentInAll","N",NA,"N",NA,"N",NA,"N",NA,"N",NA,"N",NA,"N",NA,"N",NA,"100","noneSelected","noneSelected",800,400,800,800,NA,NA
"D01","BART","BART_039","2017-07-10T00:00:00.000Z","2017-07-10","tower","1600","FALSE",2017,"NEON.DOC.000987vG","Y","39","41","Y","presentInAll","N",NA,"N",NA,"N",NA,"Y","39_3|41_4","N",NA,"N",NA,"N",NA,"N",NA,"100","noneSelected","25",800,400,800,100,NA,NA
"D01","BART","BART_041","2017-07-10T00:00:00.000Z","2017-07-10","tower","1600","FALSE",2017,"NEON.DOC.000987vG","Y","23","39","Y","presentInAll","N",NA,"N",NA,"N",NA,"N",NA,"N",NA,"N",NA,"N",NA,"N",NA,"100","noneSelected","noneSelected",800,400,800,800,NA,NA
"D01","BART","BART_042","2017-07-10T00:00:00.000Z","2017-07-10","tower","1600","FALSE",2017,"NEON.DOC.000987vG","Y","39","41","Y","presentInAll","N",NA,"N",NA,"N",NA,"Y","presentInAll","N",NA,"N",NA,"N",NA,"N",NA,"100","noneSelected","25",800,400,800,100,NA,NA
"D01","BART","BART_046","2017-07-10T00:00:00.000Z","2017-07-10","tower","1600","FALSE",2017,"NEON.DOC.000987vG","Y","39","41","Y","presentInAll","N",NA,"N",NA,"N",NA,"N",NA,"N",NA,"N",NA,"N",NA,"N",NA,"100","noneSelected","noneSelected",800,400,800,800,NA,NA
"D01","BART","BART_050","2017-07-10T00:00:00.000Z","2017-07-10","tower","1600","FALSE",2017,"NEON.DOC.000987vG","Y","21","41","Y","presentInAll","N",NA,"N",NA,"N",NA,"Y","41_1|41_4|41","N",NA,"N",NA,"N",NA,"N",NA,"100","noneSelected","25",800,400,800,100,NA,NA
"D01","BART","BART_051","2017-07-10T00:00:00.000Z","2017-07-10","tower","1600","FALSE",2017,"NEON.DOC.000987vG","Y","39","41","Y","presentInAll","N",NA,"N",NA,"N",NA,"Y","41","N",NA,"N",NA,"N",NA,"N",NA,"25","noneSelected","noneSelected",800,400,800,800,NA,NA
"D01","BART","BART_072","2017-07-10T00:00:00.000Z","2017-07-10","tower","1600","FALSE",2017,"NEON.DOC.000987vG","Y","21","39","Y","presentInAll","N",NA,"N",NA,"N",NA,"N",NA,"N",NA,"N",NA,"N",NA,"N",NA,"10","noneSelected","noneSelected",800,40,800,800,NA,NA
"D01","BART","BART_073","2017-07-10T00:00:00.000Z","2017-07-10","tower","1600","FALSE",2017,"NEON.DOC.000987vG","Y","23","39","Y","presentInAll","N",NA,"N",NA,"N",NA,"Y","23","N",NA,"N",NA,"N",NA,"N",NA,"25","noneSelected","noneSelected",800,100,800,800,NA,NA
"D01","BART","BART_074","2017-07-10T00:00:00.000Z","2017-07-10","tower","1600","FALSE",2017,"NEON.DOC.000987vG","Y","39","41","Y","presentInAll","N",NA,"N",NA,"N",NA,"N",NA,"N",NA,"N",NA,"N",NA,"N",NA,"25","noneSelected","noneSelected",800,100,800,800,NA,NA
"D01","BART","BART_075","2017-07-10T00:00:00.000Z","2017-07-10","tower","1600","FALSE",2017,"NEON.DOC.000987vG","Y","23","41","Y","presentInAll","N",NA,"N",NA,"N",NA,"Y","presentInAll","N",NA,"N",NA,"N",NA,"N",NA,"100","noneSelected","noneSelected",800,400,800,800,NA,NA
"D01","BART","BART_044","2017-07-10T00:00:00.000Z","2017-07-10","tower","1600","FALSE",2017,"NEON.DOC.000987vG","Y","23","39","Y","presentInAll","N",NA,"N",NA,"N",NA,"N",NA,"N",NA,"N",NA,"N",NA,"N",NA,"100","noneSelected","noneSelected",800,400,800,800,NA,NA
"D01","HARV","HARV_047","2017-07-12T00:00:00.000Z","2017-07-12","tower","1600","FALSE",2017,"NEON.DOC.000987vG","Y","21","41","Y","presentInAll","Y","21_1|21_4|41_1","N",NA,"N",NA,"Y","21_1|41_4","N",NA,"N",NA,"N",NA,"N",NA,"25","noneSelected","10",800,100,800,40,NA,NA
"D01","HARV","HARV_042","2017-07-13T00:00:00.000Z","2017-07-13","tower","1600","FALSE",2017,"NEON.DOC.000987vG","Y","39","41","Y","presentInAll","Y","39_3|41_4","N",NA,"N",NA,"Y","41_1","N",NA,"N",NA,"N",NA,"N",NA,"10","noneSelected","25",800,40,800,100,NA,NA
"D01","HARV","HARV_033","2017-07-12T00:00:00.000Z","2017-07-12","tower","1600","FALSE",2017,"NEON.DOC.000987vG","Y","21","23","Y","presentInAll","Y","21_4|23_4","N",NA,"N",NA,"Y","presentInAll","N",NA,"N",NA,"N",NA,"N",NA,"100","noneSelected","100",400,400,400,400,NA,NA
"D01","HARV","HARV_034","2017-07-12T00:00:00.000Z","2017-07-12","tower","1600","FALSE",2017,"NEON.DOC.000987vG","Y","23","39","Y","presentInAll","N",NA,"N",NA,"N",NA,"Y","presentInAll","N",NA,"N",NA,"N",NA,"N",NA,"10","noneSelected","100",400,400,400,400,NA,NA
"D01","HARV","HARV_044","2017-07-13T00:00:00.000Z","2017-07-13","tower","1600","FALSE",2017,"NEON.DOC.000987vG","Y","21","41","Y","presentInAll","Y","presentInAll","N",NA,"N",NA,"Y","presentInAll","N",NA,"N",NA,"N",NA,"N",NA,"25","noneSelected","10",800,100,800,40,NA,NA
"D01","HARV","HARV_043","2017-07-10T00:00:00.000Z","2017-07-10","tower","1600","FALSE",2017,"NEON.DOC.000987vG","Y","21","39","Y","presentInAll","N",NA,"N",NA,"N",NA,"Y","21","N",NA,"N",NA,"N",NA,"N",NA,"100","noneSelected","noneSelected",800,400,800,800,NA,NA
"D01","HARV","HARV_039","2017-07-13T00:00:00.000Z","2017-07-13","tower","1600","FALSE",2017,"NEON.DOC.000987vG","Y","39","41","Y","presentInAll","N",NA,"N",NA,"N",NA,"Y","39_3|41_1","N",NA,"N",NA,"N",NA,"N",NA,"100","noneSelected","25",800,400,800,100,NA,NA
"D01","HARV","HARV_048","2017-07-11T00:00:00.000Z","2017-07-11","tower","1600","FALSE",2017,"NEON.DOC.000987vG","Y","23","39","Y","presentInAll","Y","presentInAll","N",NA,"N",NA,"Y","presentInAll","N",NA,"N",NA,"N",NA,"N",NA,"100","noneSelected","noneSelected",800,400,800,800,NA,NA
"D01","HARV","HARV_043","2016-07-28T00:00:00.000Z","2016-07-28","tower","1600","FALSE",2016,"NEON.DOC.000987vE","Y","21","39","Y","presentInAll","N",NA,"N",NA,"N",NA,"Y","21","N",NA,"N",NA,"N",NA,"N",NA,"100","noneSelected","noneSelected",800,400,800,800,NA,NA
"D01","HARV","HARV_039","2016-07-25T00:00:00.000Z","2016-07-25","tower","1600","FALSE",2016,"NEON.DOC.000987vE","Y","39","41","Y",NA,"N",NA,"N",NA,"N",NA,"Y",NA,"N",NA,"N",NA,"N",NA,"N",NA,"100","noneSelected","25",800,400,800,100,"Nested Subplot 3 of Subplot 39 and Nested Subplot 1 of Subplot 41 contained no target taxa.",NA
"D01","HARV","HARV_052","2016-07-28T00:00:00.000Z","2016-07-28","tower","1600","FALSE",2016,"NEON.DOC.000987vE","Y","23","41","Y","presentInAll","N",NA,"N",NA,"N",NA,"Y","presentInAll","N",NA,"N",NA,"N",NA,"N",NA,"noneSelected","noneSelected","noneSelected",800,800,800,800,NA,NA
"D01","HARV","HARV_047","2016-09-28T00:00:00.000Z","2016-09-28","tower","1600","FALSE",2016,"NEON.DOC.000987vE","Y","21","41","Y",NA,"Y",NA,"N",NA,"N",NA,"N",NA,"N",NA,"N",NA,"N",NA,"N",NA,"25","noneSelected","noneSelected",800,100,800,800,NA,NA
"D01","HARV","HARV_038","2016-07-27T00:00:00.000Z","2016-07-27","tower","1600","FALSE",2016,"NEON.DOC.000987vE","Y","23","39","Y","presentInAll","Y","23_4|39_1|39_3","N",NA,"N",NA,"Y","23_4|39_1|39_3","N",NA,"N",NA,"N",NA,"N",NA,"100","noneSelected","10",800,400,800,40,NA,NA
"D01","HARV","HARV_035","2016-07-28T00:00:00.000Z","2016-07-28","tower","1600","FALSE",2016,"NEON.DOC.000987vE","Y","21","23","Y","presentInAll","N",NA,"N",NA,"N",NA,"N",NA,"N",NA,"N",NA,"N",NA,"N",NA,"noneSelected","noneSelected","noneSelected",800,800,800,800,NA,NA
"D01","HARV","HARV_049","2016-07-27T00:00:00.000Z","2016-07-27","tower","1600","FALSE",2016,"NEON.DOC.000987vE","Y","23","41","Y","presentInAll","Y","23_2|23_4","N",NA,"N",NA,"Y","presentInAll","N",NA,"N",NA,"N",NA,"N",NA,"100","noneSelected","100",800,400,800,400,NA,NA
"D01","HARV","HARV_045","2016-07-25T00:00:00.000Z","2016-07-25","tower","1600","FALSE",2016,"NEON.DOC.000987vE","Y","21","23","Y","presentInAll","N",NA,"N",NA,"N",NA,"Y","presentInAll","N",NA,"N",NA,"N",NA,"N",NA,"100","noneSelected","25",800,400,800,100,NA,NA
"D01","HARV","HARV_051","2016-07-27T00:00:00.000Z","2016-07-27","tower","1600","FALSE",2016,"NEON.DOC.000987vE","Y","23","39","Y","presentInAll","Y","presentInAll","N",NA,"N",NA,"Y","23_4","N",NA,"N",NA,"N",NA,"N",NA,"noneSelected","noneSelected","25",800,800,800,100,NA,NA
"D01","HARV","HARV_047","2016-07-26T00:00:00.000Z","2016-07-26","tower","1600","FALSE",2016,"NEON.DOC.000987vE","Y","21","41","Y","presentInAll","Y","21_1|21_4|41_1","N",NA,"N",NA,"Y","21_1|41_4","N",NA,"N",NA,"N",NA,"N",NA,"25","noneSelected","10",800,100,800,40,"Nested Subplot 1 of Subplot 21 and Nested Subplot 4 of Subplot 41 contained no target taxa.",NA
"D01","HARV","HARV_040","2016-07-28T00:00:00.000Z","2016-07-28","tower","1600","FALSE",2016,"NEON.DOC.000987vE","Y","23","41","Y","presentInAll","Y","23_4","N",NA,"N",NA,"Y","41_4","N",NA,"N",NA,"N",NA,"N",NA,"1","noneSelected","1",800,4,800,4,NA,NA
"D01","HARV","HARV_036","2016-07-25T00:00:00.000Z","2016-07-25","tower","1600","FALSE",2016,"NEON.DOC.000987vE","Y","21","23","Y","presentInAll","N",NA,"N",NA,"N",NA,"Y","23_2","N",NA,"N",NA,"N",NA,"N",NA,"25","noneSelected","1",800,100,800,4,NA,NA
"D01","HARV","HARV_042","2016-07-25T00:00:00.000Z","2016-07-25","tower","1600","FALSE",2016,"NEON.DOC.000987vE","Y","39","41","Y","presentInAll","Y","39_3|41_4","N",NA,"N",NA,"Y","presentInAll","N",NA,"N",NA,"N",NA,"N",NA,"10","noneSelected","25",800,40,800,100,NA,NA
"D01","HARV","HARV_033","2016-07-26T00:00:00.000Z","2016-07-26","tower","1600","FALSE",2016,"NEON.DOC.000987vE","Y","21","23","Y","presentInAll","Y","21_4|23_4","N",NA,"N",NA,"Y","presentInAll","N",NA,"N",NA,"N",NA,"N",NA,"100","noneSelected","100",800,400,800,400,NA,NA
"D01","HARV","HARV_050","2016-07-27T00:00:00.000Z","2016-07-27","tower","1600","FALSE",2016,"NEON.DOC.000987vE","Y","21","41","Y","presentInAll","Y","21_1|21_4","N",NA,"N",NA,"Y","presentInAll","N",NA,"N",NA,"N",NA,"N",NA,"100","noneSelected","noneSelected",800,400,800,800,NA,NA
"D01","HARV","HARV_044","2016-07-26T00:00:00.000Z","2016-07-26","tower","1600","FALSE",2016,"NEON.DOC.000987vE","Y","21","41","Y","presentInAll","Y","presentInAll","N",NA,"N",NA,"Y","presentInAll","N",NA,"N",NA,"N",NA,"N",NA,"25","noneSelected","10",800,100,800,40,NA,NA
"D01","HARV","HARV_039","2016-07-25T00:00:00.000Z","2016-07-25","tower","1600","FALSE",2016,"NEON.DOC.000987vE","Y","39","41","Y","presentInAll","N",NA,"N",NA,"N",NA,"Y","39_3|41_1","N",NA,"N",NA,"N",NA,"N",NA,"100","noneSelected","25",800,400,800,100,NA,NA
"D01","HARV","HARV_041","2016-07-27T00:00:00.000Z","2016-07-27","tower","1600","FALSE",2016,"NEON.DOC.000987vE","Y","23","39","Y","presentInAll","Y","presentInAll","N",NA,"N",NA,"Y","23_2|23_4|39_3","N",NA,"N",NA,"N",NA,"N",NA,"100","noneSelected","100",800,400,800,400,NA,NA
"D01","HARV","HARV_037","2016-07-27T00:00:00.000Z","2016-07-27","tower","1600","FALSE",2016,"NEON.DOC.000987vE","Y","23","41","Y","presentInAll","N",NA,"N",NA,"N",NA,"Y","23","N",NA,"N",NA,"N",NA,"N",NA,"noneSelected","noneSelected","noneSelected",800,800,800,800,NA,NA
"D01","HARV","HARV_048","2016-07-28T00:00:00.000Z","2016-07-28","tower","1600","FALSE",2016,"NEON.DOC.000987vE","Y","23","39","Y","presentInAll","Y","presentInAll","N",NA,"N",NA,"Y","presentInAll","N",NA,"N",NA,"N",NA,"N",NA,"noneSelected","noneSelected","noneSelected",800,800,800,800,NA,NA
"D01","HARV","HARV_034","2016-07-26T00:00:00.000Z","2016-07-26","tower","1600","FALSE",2016,"NEON.DOC.000987vE","Y","23","39","Y","presentInAll","N",NA,"N",NA,"N",NA,"Y","presentInAll","N",NA,"N",NA,"N",NA,"N",NA,"noneSelected","noneSelected","100",800,800,800,400,NA,NA
"D01","HARV","HARV_033","2016-10-10T00:00:00.000Z","2016-10-10","tower","1600","FALSE",2016,"NEON.DOC.000987vE","N","21","23",NA,NA,NA,NA,NA,NA,NA,NA,NA,NA,NA,NA,NA,NA,NA,NA,NA,NA,"100","noneSelected","100",400,400,400,400,NA,NA
"D01","HARV","HARV_040","2017-07-12T00:00:00.000Z","2017-07-12","tower","1600","FALSE",2017,"NEON.DOC.000987vG","Y","23","41","Y","presentInAll","N",NA,"N",NA,"N",NA,"Y","41_4","N",NA,"N",NA,"N",NA,"N",NA,"1","noneSelected","1",800,4,800,4,NA,NA
"D01","HARV","HARV_035","2017-07-11T00:00:00.000Z","2017-07-11","tower","1600","FALSE",2017,"NEON.DOC.000987vG","Y","21","23","Y","presentInAll","N",NA,"N",NA,"N",NA,"N",NA,"N",NA,"N",NA,"N",NA,"N",NA,"100","noneSelected","noneSelected",400,400,400,400,NA,NA
"D01","HARV","HARV_037","2017-07-11T00:00:00.000Z","2017-07-11","tower","1600","FALSE",2017,"NEON.DOC.000987vG","Y","23","41","Y","presentInAll","N",NA,"N",NA,"N",NA,"Y","23","N",NA,"N",NA,"N",NA,"N",NA,"10","noneSelected","noneSelected",800,40,800,800,NA,NA
"D01","HARV","HARV_046","2016-09-26T00:00:00.000Z","2016-09-26","tower","1600","FALSE",2016,"NEON.DOC.000987vE","Y","21","41","Y","presentInAll","Y","presentInAll","N",NA,"N",NA,"Y","presentInAll","N",NA,"N",NA,"N",NA,"N",NA,"10","noneSelected","10",800,40,800,40,NA,NA
"D01","HARV","HARV_050","2017-07-11T00:00:00.000Z","2017-07-11","tower","1600","FALSE",2017,"NEON.DOC.000987vG","Y","21","41","Y","presentInAll","N",NA,"N",NA,"N",NA,"Y","presentInAll","N",NA,"N",NA,"N",NA,"N",NA,"100","noneSelected","noneSelected",800,400,800,800,NA,NA
"D01","HARV","HARV_051","2016-10-05T00:00:00.000Z","2016-10-05","tower","1600","FALSE",2016,"NEON.DOC.000987vE","Y","23","39","Y","presentInAll","Y","presentInAll","N",NA,"N",NA,"N",NA,"N",NA,"N",NA,"N",NA,"N",NA,"100","noneSelected","noneSelected",800,400,800,800,NA,NA
"D01","HARV","HARV_038","2017-07-12T00:00:00.000Z","2017-07-12","tower","1600","FALSE",2017,"NEON.DOC.000987vG","Y","23","39","Y","presentInAll","Y",NA,"N",NA,"N",NA,"Y","23_4|39_1|39_3","N",NA,"N",NA,"N",NA,"N",NA,"100","noneSelected","10",800,400,800,40,NA,NA
"D01","HARV","HARV_041","2017-07-12T00:00:00.000Z","2017-07-12","tower","1600","FALSE",2017,"NEON.DOC.000987vG","Y","23","39","Y","presentInAll","Y",NA,"N",NA,"N",NA,"Y","23_2|23_4|39_3","N",NA,"N",NA,"N",NA,"N",NA,"100","noneSelected","100",800,400,800,400,NA,NA
"D01","HARV","HARV_046","2017-07-17T00:00:00.000Z","2017-07-17","tower","1600","FALSE",2017,"NEON.DOC.000987vG","Y","21","41","Y","presentInAll","Y",NA,"N",NA,"N",NA,"Y","presentInAll","N",NA,"N",NA,"N",NA,"N",NA,"10","noneSelected","10",800,40,800,40,NA,NA
"D01","HARV","HARV_049","2017-07-12T00:00:00.000Z","2017-07-12","tower","1600","FALSE",2017,"NEON.DOC.000987vG","Y","23","41","Y","presentInAll","Y",NA,"N",NA,"N",NA,"Y","presentInAll","N",NA,"N",NA,"N",NA,"N",NA,"100","noneSelected","100",800,400,800,400,NA,NA
"D01","HARV","HARV_052","2016-08-24T00:00:00.000Z","2016-08-24","tower","1600","FALSE",2016,"NEON.DOC.000987vE","Y","23","41","Y","presentInAll","N",NA,"N",NA,"N",NA,"Y","41","N",NA,"N",NA,"N",NA,"N",NA,"noneSelected","noneSelected","noneSelected",800,800,0,800,NA,NA
"D01","HARV","HARV_048","2016-08-17T00:00:00.000Z","2016-08-17","tower","1600","FALSE",2016,"NEON.DOC.000987vE","Y","23","39","Y",NA,"Y",NA,"N",NA,"N",NA,"N",NA,"N",NA,"N",NA,"N",NA,"N",NA,"100","noneSelected","noneSelected",800,400,800,800,NA,NA
"D01","HARV","HARV_045","2017-07-10T00:00:00.000Z","2017-07-10","tower","1600","FALSE",2017,"NEON.DOC.000987vG","Y","21","23","Y","presentInAll","N",NA,"N",NA,"N",NA,"Y","presentInAll","N",NA,"N",NA,"N",NA,"N",NA,"100","noneSelected","25",800,400,800,100,NA,NA
"D01","HARV","HARV_052","2017-07-11T00:00:00.000Z","2017-07-11","tower","1600","FALSE",2017,"NEON.DOC.000987vG","Y","23","41","Y","presentInAll","N",NA,"N",NA,"N",NA,"Y","presentInAll","N",NA,"N",NA,"N",NA,"N",NA,"noneSelected","noneSelected","noneSelected",800,800,800,800,NA,NA
"D01","HARV","HARV_051","2017-07-12T00:00:00.000Z","2017-07-12","tower","1600","FALSE",2017,"NEON.DOC.000987vG","Y","23","39","Y","presentInAll","Y",NA,"N",NA,"N",NA,"Y","presentInAll","N",NA,"N",NA,"N",NA,"N",NA,"100","noneSelected","25",800,400,800,100,NA,NA
"D01","HARV","HARV_036","2017-07-10T00:00:00.000Z","2017-07-10","tower","1600","FALSE",2017,"NEON.DOC.000987vG","Y","21","23","Y","presentInAll","N",NA,"N",NA,"N",NA,"Y","23_2","N",NA,"N",NA,"N",NA,"N",NA,"25","noneSelected","1",800,100,800,4,NA,NA
"D02","SERC","SERC_044","2016-10-18T00:00:00.000Z","2016-10-18","tower","1600","FALSE",2016,"NEON.DOC.000987vF","Y","23","41","Y",NA,"Y",NA,"Y",NA,"N",NA,"N",NA,"N",NA,"N",NA,"N",NA,"N",NA,"25","noneSelected","noneSelected",400,400,400,400,NA,NA
"D02","SERC","SERC_045","2016-10-11T00:00:00.000Z","2016-10-11","tower","1600","FALSE",2016,"NEON.DOC.000987vF","Y","21","41","Y",NA,"Y",NA,"N",NA,"N",NA,"N",NA,"N",NA,"N",NA,"N",NA,"N",NA,"noneSelected","noneSelected","noneSelected",400,400,400,400,NA,NA
"D02","SERC","SERC_048","2016-10-20T00:00:00.000Z","2016-10-20","tower","1600","FALSE",2016,"NEON.DOC.000987vF","Y","21","39","Y",NA,"N",NA,"N",NA,"N",NA,"N",NA,"N",NA,"N",NA,"N",NA,"N",NA,"10","noneSelected","noneSelected",800,40,800,800,NA,NA
"D02","SERC","SERC_047","2016-10-17T00:00:00.000Z","2016-10-17","tower","1600","FALSE",2016,"NEON.DOC.000987vF","Y","21","23","Y",NA,"N",NA,"N",NA,"N",NA,"N",NA,"N",NA,"N",NA,"N",NA,"N",NA,"100","noneSelected","noneSelected",400,400,400,400,NA,NA
"D02","SERC","SERC_049","2016-10-17T00:00:00.000Z","2016-10-17","tower","1600","FALSE",2016,"NEON.DOC.000987vF","Y","39","41","Y",NA,"N",NA,"N",NA,"N",NA,"N",NA,"N",NA,"N",NA,"N",NA,"N",NA,"100","noneSelected","noneSelected",800,400,800,800,NA,NA
"D02","SERC","SERC_050","2016-10-11T00:00:00.000Z","2016-10-11","tower","1600","FALSE",2016,"NEON.DOC.000987vF","Y","21","23","Y",NA,"N",NA,"N",NA,"N",NA,"N",NA,"N",NA,"N",NA,"N",NA,"N",NA,"noneSelected","noneSelected","noneSelected",800,800,800,800,NA,NA
"D02","SERC","SERC_051","2016-10-24T00:00:00.000Z","2016-10-24","tower","1600","FALSE",2016,"NEON.DOC.000987vF","Y","21","39","Y",NA,"Y",NA,"N",NA,"N",NA,"N",NA,"N",NA,"N",NA,"N",NA,"N",NA,"25","noneSelected","noneSelected",800,100,800,800,NA,NA
"D02","SERC","SERC_052","2016-10-12T00:00:00.000Z","2016-10-12","tower","1600","FALSE",2016,"NEON.DOC.000987vF","Y","39","41","Y",NA,"N",NA,"Y",NA,"N",NA,"N",NA,"N",NA,"N",NA,"N",NA,"N",NA,"25","noneSelected","noneSelected",800,100,800,800,NA,NA
"D02","SERC","SERC_053","2016-10-18T00:00:00.000Z","2016-10-18","tower","1600","FALSE",2016,"NEON.DOC.000987vF","Y","39","41","Y",NA,"Y",NA,"N",NA,"N",NA,"N",NA,"N",NA,"N",NA,"N",NA,"N",NA,"25","noneSelected","noneSelected",800,100,800,800,NA,NA
"D02","SERC","SERC_055","2016-10-19T00:00:00.000Z","2016-10-19","tower","1600","FALSE",2016,"NEON.DOC.000987vF","Y","23","41","Y",NA,"Y",NA,"Y",NA,"N",NA,"N",NA,"N",NA,"N",NA,"N",NA,"N",NA,"10","100","noneSelected",800,40,400,800,NA,NA
"D02","SERC","SERC_054","2016-10-13T00:00:00.000Z","2016-10-13","tower","1600","FALSE",2016,"NEON.DOC.000987vF","Y","21","39","Y",NA,"N",NA,"N",NA,"N",NA,"N",NA,"N",NA,"N",NA,"N",NA,"N",NA,"noneSelected","noneSelected","noneSelected",800,800,800,800,NA,NA
"D02","SERC","SERC_056","2016-10-17T00:00:00.000Z","2016-10-17","tower","1600","FALSE",2016,"NEON.DOC.000987vF","Y","23","41","Y",NA,"Y",NA,"Y",NA,"N",NA,"N",NA,"N",NA,"N",NA,"N",NA,"N",NA,"25","noneSelected","noneSelected",800,100,800,800,NA,NA
"D02","SERC","SERC_057","2016-10-11T00:00:00.000Z","2016-10-11","tower","1600","FALSE",2016,"NEON.DOC.000987vF","Y","39","41","Y",NA,"N",NA,"N",NA,"N",NA,"N",NA,"N",NA,"N",NA,"N",NA,"N",NA,"25","noneSelected","noneSelected",800,100,800,800,NA,NA
"D02","SERC","SERC_058","2016-10-25T00:00:00.000Z","2016-10-25","tower","1600","FALSE",2016,"NEON.DOC.000987vF","Y","23","41","Y",NA,"Y",NA,"Y",NA,"N",NA,"N",NA,"N",NA,"N",NA,"N",NA,"N",NA,"10","noneSelected","noneSelected",800,40,800,800,NA,NA
"D02","SERC","SERC_043","2016-10-19T00:00:00.000Z","2016-10-19","tower","1600","FALSE",2016,"NEON.DOC.000987vE","Y","21","39","Y",NA,"Y",NA,"Y",NA,"N",NA,"N",NA,"N",NA,"N",NA,"N",NA,"N",NA,"10","noneSelected","noneSelected",800,40,800,0,NA,NA
"D02","SERC","SERC_059","2016-10-12T00:00:00.000Z","2016-10-12","tower","1600","FALSE",2016,"NEON.DOC.000987vF","Y","21","39","Y",NA,"Y",NA,"Y",NA,"N",NA,"N",NA,"N",NA,"N",NA,"N",NA,"N",NA,"100","noneSelected","noneSelected",800,400,800,800,NA,NA
"D02","SERC","SERC_060","2016-10-11T00:00:00.000Z","2016-10-11","tower","1600","FALSE",2016,"NEON.DOC.000987vF","Y","39","41","Y",NA,"N",NA,"Y",NA,"N",NA,"N",NA,"N",NA,"N",NA,"N",NA,"N",NA,"25","noneSelected","noneSelected",800,100,800,800,NA,NA
"D02","SERC","SERC_061","2016-10-18T00:00:00.000Z","2016-10-18","tower","1600","FALSE",2016,"NEON.DOC.000987vF","Y","23","41","Y",NA,"Y",NA,"Y",NA,"N",NA,"N",NA,"N",NA,"N",NA,"N",NA,"N",NA,"10","noneSelected","noneSelected",800,40,800,800,NA,NA
"D02","SERC","SERC_062","2016-10-24T00:00:00.000Z","2016-10-24","tower","1600","FALSE",2016,"NEON.DOC.000987vF","Y","21","39","Y",NA,"Y",NA,"N",NA,"N",NA,"N",NA,"N",NA,"N",NA,"N",NA,"N",NA,"noneSelected","noneSelected","noneSelected",800,800,800,800,NA,NA
"D02","SERC","SERC_067","2016-10-11T00:00:00.000Z","2016-10-11","tower","1600","FALSE",2016,"NEON.DOC.000987vF","Y","21","39","Y",NA,"N",NA,"N",NA,"N",NA,"N",NA,"N",NA,"N",NA,"N",NA,"N",NA,"100","noneSelected","noneSelected",800,400,800,800,NA,NA
"D02","SCBI","SCBI_063","2016-10-04T00:00:00.000Z","2016-10-04","tower","1600","FALSE",2016,"NEON.DOC.000987vE","Y","23","41","Y",NA,"Y",NA,"N",NA,"N",NA,"N",NA,"N",NA,"N",NA,"N",NA,"N",NA,"25","noneSelected","noneSelected",800,100,800,800,"sap sis sms smt nested subplot reduced from 100m2 to 25m2 many tags removed no lianas",NA
"D02","SCBI","SCBI_062","2016-10-05T00:00:00.000Z","2016-10-05","tower","1600","FALSE",2016,"NEON.DOC.000987vE","Y","23","41","Y",NA,"Y",NA,"Y",NA,"N",NA,"N",NA,"N",NA,"N",NA,"N",NA,"N",NA,"25","noneSelected","noneSelected",800,100,800,800,NA,NA
"D02","SCBI","SCBI_049","2016-09-28T00:00:00.000Z","2016-09-28","tower","1600","FALSE",2016,"NEON.DOC.000987vE","Y","23","41","Y",NA,"Y",NA,"Y",NA,"N",NA,"N",NA,"N",NA,"N",NA,"N",NA,"N",NA,"noneSelected","noneSelected","noneSelected",800,800,800,800,NA,NA
"D02","SCBI","SCBI_047","2016-10-26T00:00:00.000Z","2016-10-26","tower","1600","FALSE",2016,"NEON.DOC.000987vF","Y","23","39","Y",NA,"Y",NA,"Y",NA,"N",NA,"N",NA,"N",NA,"N",NA,"N",NA,"N",NA,"25","noneSelected","noneSelected",400,400,400,400,NA,NA
"D02","SCBI","SCBI_052","2016-10-12T00:00:00.000Z","2016-10-12","tower","1600","FALSE",2016,"NEON.DOC.000987vE","Y","23","41","Y",NA,"Y",NA,"Y",NA,"N",NA,"N",NA,"N",NA,"N",NA,"N",NA,"N",NA,"25","100","noneSelected",800,100,400,800,NA,NA
"D02","SCBI","SCBI_053","2016-10-24T00:00:00.000Z","2016-10-24","tower","1600","FALSE",2016,"NEON.DOC.000987vE","Y","23","39","Y",NA,"Y",NA,"Y",NA,"N",NA,"N",NA,"N",NA,"N",NA,"N",NA,"N",NA,"10","100","noneSelected",800,40,400,800,NA,NA
"D02","SCBI","SCBI_045","2016-10-27T00:00:00.000Z","2016-10-27","tower","1600","FALSE",2016,"NEON.DOC.000987vE","Y","21","39","Y",NA,"Y",NA,"Y",NA,"N",NA,"N",NA,"N",NA,"N",NA,"N",NA,"N",NA,"10","100","noneSelected",400,400,400,400,NA,NA
"D02","SCBI","SCBI_046","2016-10-10T00:00:00.000Z","2016-10-10","tower","1600","FALSE",2016,"NEON.DOC.000987vE","Y","21","41","Y",NA,"Y",NA,"Y",NA,"N",NA,"N",NA,"N",NA,"N",NA,"N",NA,"N",NA,"noneSelected","noneSelected","noneSelected",800,800,800,0,NA,NA
"D02","SCBI","SCBI_054","2016-10-25T00:00:00.000Z","2016-10-25","tower","1600","FALSE",2016,"NEON.DOC.000987vF","Y","39","41","Y",NA,"Y",NA,"Y",NA,"N",NA,"N",NA,"N",NA,"N",NA,"N",NA,"N",NA,"25","100","noneSelected",800,100,400,800,NA,NA
"D02","SCBI","SCBI_048","2016-10-13T00:00:00.000Z","2016-10-13","tower","1600","FALSE",2016,"NEON.DOC.000987vE","Y","39","41","Y",NA,"Y",NA,"Y",NA,"N",NA,"N",NA,"N",NA,"N",NA,"N",NA,"N",NA,"25","noneSelected","noneSelected",800,100,800,800,NA,NA
"D02","SCBI","SCBI_050","2016-10-20T00:00:00.000Z","2016-10-20","tower","1600","FALSE",2016,"NEON.DOC.000987vE","Y","23","39","Y",NA,"Y",NA,"Y",NA,"N",NA,"N",NA,"N",NA,"N",NA,"N",NA,"N",NA,"10","noneSelected","noneSelected",800,40,800,800,NA,NA
"D02","SCBI","SCBI_051","2016-10-12T00:00:00.000Z","2016-10-12","tower","1600","FALSE",2016,"NEON.DOC.000987vE","Y","39","41","Y",NA,"Y",NA,"Y",NA,"N",NA,"N",NA,"N",NA,"N",NA,"N",NA,"N",NA,"25","noneSelected","noneSelected",800,100,800,800,NA,NA
"D02","SCBI","SCBI_055","2016-09-30T00:00:00.000Z","2016-09-30","tower","1600","FALSE",2016,"NEON.DOC.000987vE","Y","23","39","Y",NA,"Y",NA,"Y",NA,"N",NA,"N",NA,"N",NA,"N",NA,"N",NA,"N",NA,"100","noneSelected","noneSelected",800,400,800,800,NA,NA
"D02","SCBI","SCBI_056","2016-10-11T00:00:00.000Z","2016-10-11","tower","1600","FALSE",2016,"NEON.DOC.000987vE","Y","21","23","Y",NA,"Y",NA,"Y",NA,"N",NA,"N",NA,"N",NA,"N",NA,"N",NA,"N",NA,"25","noneSelected","noneSelected",800,100,800,800,NA,NA
"D02","SCBI","SCBI_057","2016-10-24T00:00:00.000Z","2016-10-24","tower","1600","FALSE",2016,"NEON.DOC.000987vE","Y","21","23","Y",NA,"Y",NA,"Y",NA,"N",NA,"N",NA,"N",NA,"N",NA,"N",NA,"N",NA,"25","noneSelected","noneSelected",800,100,800,800,NA,NA
"D02","SCBI","SCBI_058","2016-10-07T00:00:00.000Z","2016-10-07","tower","1600","FALSE",2016,"NEON.DOC.000987vE","Y","23","39","Y",NA,"Y",NA,"Y",NA,"N",NA,"N",NA,"N",NA,"N",NA,"N",NA,"N",NA,"10","100","noneSelected",800,40,400,800,NA,NA
"D02","SCBI","SCBI_061","2016-10-19T00:00:00.000Z","2016-10-19","tower","1600","FALSE",2016,"NEON.DOC.000987vE","Y","23","39","Y",NA,"Y",NA,"Y",NA,"N",NA,"N",NA,"N",NA,"N",NA,"N",NA,"N",NA,"10","100","noneSelected",800,40,400,800,NA,NA
"D02","SCBI","SCBI_064","2016-10-06T00:00:00.000Z","2016-10-06","tower","1600","FALSE",2016,"NEON.DOC.000987vE","Y","39","41","Y",NA,"Y",NA,"Y",NA,"N",NA,"N",NA,"N",NA,"N",NA,"N",NA,"N",NA,"25","noneSelected","noneSelected",800,100,800,800,NA,NA
"D02","SCBI","SCBI_066","2016-10-06T00:00:00.000Z","2016-10-06","tower","1600","FALSE",2016,"NEON.DOC.000987vE","Y","21","39","Y",NA,"Y",NA,"Y",NA,"N",NA,"N",NA,"N",NA,"N",NA,"N",NA,"N",NA,"25","noneSelected","noneSelected",800,100,800,800,NA,NA
"D02","SCBI","SCBI_067","2016-10-28T00:00:00.000Z","2016-10-28","tower","1600","FALSE",2016,"NEON.DOC.000987vE","Y","39","41","Y",NA,"Y",NA,"Y",NA,"N",NA,"N",NA,"N",NA,"N",NA,"N",NA,"N",NA,"25","noneSelected","noneSelected",400,400,400,400,NA,NA
"D03","OSBS","OSBS_037","2016-08-24T00:00:00.000Z","2016-08-24","tower","1600","FALSE",2016,"NEON.DOC.000987vE","Y","21","39","Y","presentInAll","Y","presentInAll","N",NA,"N",NA,"N",NA,"N",NA,"N",NA,"N",NA,"N",NA,"100","noneSelected","noneSelected",800,400,800,800,"recently burned - many fire sprouts",NA
"D03","OSBS","OSBS_039","2016-05-17T00:00:00.000Z","2016-05-17","tower","1600","FALSE",2016,"NEON.DOC.000987vE","Y","21","41","Y",NA,"Y",NA,"Y",NA,"N",NA,"N",NA,"N",NA,"Y","21","N",NA,"N",NA,"100","noneSelected","noneSelected",800,400,800,800,NA,NA
"D03","OSBS","OSBS_040","2016-05-18T00:00:00.000Z","2016-05-18","tower","1600","FALSE",2016,"NEON.DOC.000987vE","Y","21","39","Y",NA,"Y",NA,"Y",NA,"N",NA,"Y","39_1","N",NA,"N",NA,"N",NA,"N",NA,"noneSelected","noneSelected","25",800,800,800,100,NA,NA
"D03","OSBS","OSBS_028","2016-05-18T00:00:00.000Z","2016-05-18","tower","1600","FALSE",2016,"NEON.DOC.000987vE","Y","23","41","Y",NA,"Y",NA,"Y",NA,"N",NA,"Y",NA,"N",NA,"N",NA,"N",NA,"N",NA,"100","100","noneSelected",800,400,400,800,NA,NA
"D03","OSBS","OSBS_037","2016-05-16T00:00:00.000Z","2016-05-16","tower","1600","FALSE",2016,"NEON.DOC.000987vE","Y","21","39","Y",NA,"Y",NA,"Y",NA,"N",NA,"Y","21","N",NA,"N",NA,"N",NA,"N",NA,"100","noneSelected","noneSelected",800,400,800,800,NA,NA
"D03","OSBS","OSBS_033","2016-05-18T00:00:00.000Z","2016-05-18","tower","1600","FALSE",2016,"NEON.DOC.000987vE","Y","21","41","Y",NA,"Y",NA,"Y",NA,"N",NA,"Y","21_4|41_4","N",NA,"N",NA,"N",NA,"N",NA,"100","noneSelected","25",800,400,800,100,NA,NA
"D03","OSBS","OSBS_044","2016-05-18T00:00:00.000Z","2016-05-18","tower","1600","FALSE",2016,"NEON.DOC.000987vE","Y","39","41","N",NA,"N",NA,"N",NA,"N",NA,"Y",NA,"N",NA,"Y",NA,"N",NA,"N",NA,"noneSelected","noneSelected","noneSelected",800,800,800,800,NA,NA
"D03","OSBS","OSBS_038","2016-05-16T00:00:00.000Z","2016-05-16","tower","1600","FALSE",2016,"NEON.DOC.000987vE","Y","23","41","Y",NA,"Y",NA,"Y",NA,"N",NA,"N",NA,"N",NA,"Y","41","N",NA,"N",NA,"100","noneSelected","noneSelected",800,400,800,800,NA,NA
"D03","OSBS","OSBS_031","2016-05-18T00:00:00.000Z","2016-05-18","tower","1600","FALSE",2016,"NEON.DOC.000987vE","Y","23","41","Y",NA,"Y",NA,"Y",NA,"N",NA,"Y","23_4","N",NA,"N",NA,"N",NA,"N",NA,"100","100","100",800,400,400,400,NA,NA
"D03","OSBS","OSBS_036","2016-05-17T00:00:00.000Z","2016-05-17","tower","1600","FALSE",2016,"NEON.DOC.000987vE","Y","39","41","Y",NA,"Y",NA,"Y",NA,"N",NA,"Y",NA,"N",NA,"N",NA,"N",NA,"N",NA,"noneSelected","noneSelected","noneSelected",800,800,800,800,NA,NA
"D03","OSBS","OSBS_025","2016-05-17T00:00:00.000Z","2016-05-17","tower","1600","FALSE",2016,"NEON.DOC.000987vE","N","23","41",NA,NA,NA,NA,NA,NA,NA,NA,NA,NA,NA,NA,NA,NA,NA,NA,NA,NA,"noneSelected","noneSelected","noneSelected",800,800,800,800,NA,NA
"D03","OSBS","OSBS_030","2016-05-17T00:00:00.000Z","2016-05-17","tower","1600","FALSE",2016,"NEON.DOC.000987vE","N","39","41",NA,NA,NA,NA,NA,NA,NA,NA,NA,NA,NA,NA,NA,NA,NA,NA,NA,NA,"noneSelected","noneSelected","noneSelected",800,800,800,800,NA,NA
"D03","OSBS","OSBS_043","2016-05-17T00:00:00.000Z","2016-05-17","tower","1600","FALSE",2016,"NEON.DOC.000987vE","Y","23","39","Y",NA,"Y",NA,"Y",NA,"N",NA,"Y",NA,"N",NA,"Y",NA,"N",NA,"N",NA,"noneSelected","noneSelected","noneSelected",800,800,800,800,NA,NA
"D03","OSBS","OSBS_035","2016-05-17T00:00:00.000Z","2016-05-17","tower","1600","FALSE",2016,"NEON.DOC.000987vE","Y","23","41","Y",NA,"Y",NA,"Y",NA,"N",NA,"N",NA,"Y",NA,"N",NA,"N",NA,"N",NA,"100","noneSelected","noneSelected",800,400,800,800,NA,NA
"D03","OSBS","OSBS_034","2016-05-18T00:00:00.000Z","2016-05-18","tower","1600","FALSE",2016,"NEON.DOC.000987vE","Y","21","41","Y",NA,"Y",NA,"Y",NA,"N",NA,"Y",NA,"N",NA,"N",NA,"N",NA,"N",NA,"10","10","100",800,40,40,400,NA,NA
"D03","OSBS","OSBS_026","2016-05-17T00:00:00.000Z","2016-05-17","tower","1600","FALSE",2016,"NEON.DOC.000987vE","Y","21","41","Y",NA,"Y",NA,"Y",NA,"N",NA,"Y",NA,"N",NA,"Y",NA,"N",NA,"N",NA,"noneSelected","noneSelected","noneSelected",400,400,400,400,NA,NA
"D03","OSBS","OSBS_027","2016-05-17T00:00:00.000Z","2016-05-17","tower","1600","FALSE",2016,"NEON.DOC.000987vE","Y","39","41","Y",NA,"N",NA,"N",NA,"N",NA,"Y",NA,"N",NA,"N",NA,"N",NA,"N",NA,"noneSelected","noneSelected","noneSelected",400,400,400,400,NA,NA
"D03","OSBS","OSBS_041","2016-05-18T00:00:00.000Z","2016-05-18","tower","1600","FALSE",2016,"NEON.DOC.000987vE","Y","23","41","Y",NA,"Y",NA,"Y",NA,"N",NA,"N",NA,"N",NA,"N",NA,"N",NA,"N",NA,"100","100","noneSelected",800,400,400,800,NA,NA
"D03","OSBS","OSBS_042","2016-05-16T00:00:00.000Z","2016-05-16","tower","1600","FALSE",2016,"NEON.DOC.000987vE","Y","21","41","Y",NA,"Y",NA,"Y",NA,"N",NA,"Y",NA,"N",NA,"Y",NA,"N",NA,"N",NA,"noneSelected","noneSelected","noneSelected",800,800,800,800,NA,NA
"D03","OSBS","OSBS_029","2016-08-11T00:00:00.000Z","2016-08-11","tower","1600","FALSE",2016,"NEON.DOC.000987vE","Y","21","39","Y","presentInAll","Y","presentInAll","N",NA,"N",NA,"Y",NA,"N",NA,"N",NA,"N",NA,"N",NA,"noneSelected","noneSelected","noneSelected",400,400,400,400,NA,NA
"D03","OSBS","OSBS_038","2016-08-22T00:00:00.000Z","2016-08-22","tower","1600","FALSE",2016,"NEON.DOC.000987vE","Y","23","41","Y","presentInAll","Y","presentInAll","N",NA,"N",NA,"N",NA,"N",NA,"N",NA,"N",NA,"N",NA,"100","noneSelected","noneSelected",800,400,800,800,NA,NA
"D03","OSBS","OSBS_025","2016-09-14T00:00:00.000Z","2016-09-14","tower","1600","FALSE",2016,"NEON.DOC.000987vE","Y","23","41","Y","presentInAll","Y","presentInAll","N",NA,"N",NA,"N",NA,"N",NA,"N",NA,"N",NA,"N",NA,"noneSelected","noneSelected","noneSelected",800,800,800,800,NA,NA
"D03","OSBS","OSBS_027","2016-08-10T00:00:00.000Z","2016-08-10","tower","1600","FALSE",2016,"NEON.DOC.000987vE","Y","39","41","Y","presentInAll","Y",NA,"N",NA,"N",NA,"N",NA,"N",NA,"N",NA,"N",NA,"N",NA,"noneSelected","noneSelected","noneSelected",400,400,400,400,NA,NA
"D03","OSBS","OSBS_028","2016-08-11T00:00:00.000Z","2016-08-11","tower","1600","FALSE",2016,"NEON.DOC.000987vE","Y","23","41","Y","presentInAll","Y","presentInAll","N",NA,"N",NA,"N",NA,"N",NA,"N",NA,"N",NA,"N",NA,"100","noneSelected","noneSelected",800,400,800,800,NA,NA
"D03","OSBS","OSBS_030","2016-08-09T00:00:00.000Z","2016-08-09","tower","1600","FALSE",2016,"NEON.DOC.000987vE","Y","39","41","Y","presentInAll","Y","presentInAll","N",NA,"N",NA,"N",NA,"N",NA,"N",NA,"N",NA,"N",NA,"noneSelected","noneSelected","noneSelected",800,800,800,800,NA,NA
"D03","OSBS","OSBS_031","2016-08-11T00:00:00.000Z","2016-08-11","tower","1600","FALSE",2016,"NEON.DOC.000987vE","Y","23","41","Y","presentInAll","Y","presentInAll","N",NA,"N",NA,"N",NA,"N",NA,"N",NA,"N",NA,"N",NA,"100","noneSelected","100",800,400,800,400,NA,NA
"D03","OSBS","OSBS_032","2016-09-12T00:00:00.000Z","2016-09-12","tower","1600","FALSE",2016,"NEON.DOC.000987vE","Y","21","39","Y","presentInAll","Y","39_1","N",NA,"N",NA,"N",NA,"N",NA,"N",NA,"N",NA,"N",NA,"100","noneSelected","100",800,400,800,400,NA,NA
"D03","OSBS","OSBS_033","2016-09-12T00:00:00.000Z","2016-09-12","tower","1600","FALSE",2016,"NEON.DOC.000987vE","Y","21","41","Y","presentInAll","Y","presentInAll","N",NA,"N",NA,"N",NA,"N",NA,"N",NA,"N",NA,"N",NA,"100","noneSelected","25",800,400,800,100,NA,NA
"D03","OSBS","OSBS_039","2016-09-14T00:00:00.000Z","2016-09-14","tower","1600","FALSE",2016,"NEON.DOC.000987vE","Y","21","41","Y","presentInAll","Y",NA,"N",NA,"N",NA,"N",NA,"N",NA,"N",NA,"N",NA,"N",NA,"100","noneSelected","noneSelected",800,400,800,800,NA,NA
"D03","OSBS","OSBS_042","2016-09-15T00:00:00.000Z","2016-09-15","tower","1600","FALSE",2016,"NEON.DOC.000987vE","Y","21","41","Y","presentInAll","Y","presentInAll","N",NA,"N",NA,"N",NA,"N",NA,"N",NA,"N",NA,"N",NA,"noneSelected","noneSelected","noneSelected",800,800,800,800,NA,NA
"D03","OSBS","OSBS_043","2016-09-01T00:00:00.000Z","2016-09-01","tower","1600","FALSE",2016,"NEON.DOC.000987vE","Y","23","39","Y","presentInAll","Y","23","N",NA,"N",NA,"N",NA,"N",NA,"N",NA,"N",NA,"N",NA,"noneSelected","noneSelected","noneSelected",800,800,800,800,NA,NA
"D03","OSBS","OSBS_026","2016-08-09T00:00:00.000Z","2016-08-09","tower","1600","FALSE",2016,"NEON.DOC.000987vE","Y","21","41","Y","presentInAll","Y","presentInAll","N",NA,"N",NA,"N",NA,"N",NA,"N",NA,"N",NA,"N",NA,"noneSelected","noneSelected","noneSelected",400,400,400,400,NA,NA
"D03","OSBS","OSBS_035","2016-08-29T00:00:00.000Z","2016-08-29","tower","1600","FALSE",2016,"NEON.DOC.000987vE","Y","23","41","Y","presentInAll","Y","presentInAll","N",NA,"N",NA,"N",NA,"N",NA,"N",NA,"N",NA,"N",NA,"100","noneSelected","noneSelected",800,400,800,800,NA,NA
"D03","OSBS","OSBS_036","2016-08-11T00:00:00.000Z","2016-08-11","tower","1600","FALSE",2016,"NEON.DOC.000987vE","Y","39","41","Y","presentInAll","Y","presentInAll","N",NA,"N",NA,"N",NA,"N",NA,"N",NA,"N",NA,"N",NA,"noneSelected","noneSelected","noneSelected",800,800,800,800,NA,NA
"D03","OSBS","OSBS_041","2016-08-25T00:00:00.000Z","2016-08-25","tower","1600","FALSE",2016,"NEON.DOC.000987vE","Y","23","41","Y","presentInAll","Y","presentInAll","N",NA,"N",NA,"N",NA,"N",NA,"N",NA,"N",NA,"N",NA,"100","noneSelected","noneSelected",800,400,800,800,"Check for tagID 1150. This tag was recorded only in apparent individuals for OSBS_041 but already existed in OSBS_037. Tag needs to be removed if found in OSBS_041.",NA
"D03","OSBS","OSBS_044","2016-09-07T00:00:00.000Z","2016-09-07","tower","1600","FALSE",2016,"NEON.DOC.000987vF","Y","39","41","Y",NA,"N",NA,"N",NA,"N",NA,"N",NA,"N",NA,"N",NA,"N",NA,"N",NA,"noneSelected","noneSelected","noneSelected",800,800,800,800,"Data was split between two AI files and two MD files; dated 9-1-16 and 9-7-16",NA
"D03","OSBS","OSBS_034","2016-09-08T00:00:00.000Z","2016-09-08","tower","1600","FALSE",2016,"NEON.DOC.000987vE","Y","21","41","Y",NA,"Y",NA,"Y",NA,"N",NA,"Y",NA,"N",NA,"N",NA,"N",NA,"N",NA,"10","10","100",800,40,40,400,NA,NA
"D03","OSBS","OSBS_040","2016-09-13T00:00:00.000Z","2016-09-13","tower","1600","FALSE",2016,"NEON.DOC.000987vF","Y","21","39","Y","presentInAll","Y","presentInAll","N",NA,"N",NA,"N",NA,"N",NA,"N",NA,"N",NA,"N",NA,"noneSelected","noneSelected","25",800,800,800,100,"An unknown nested subplot size was used in 2014 and 2015 for woody stems; while no nested subplots were used in 2016 despite nested areas recorded as none for every year for woody stems.",NA
"D03","OSBS","OSBS_044","2016-09-01T00:00:00.000Z","2016-09-01","tower","1600","FALSE",2016,"NEON.DOC.000987vE","Y","39","41","Y",NA,"Y",NA,"N",NA,"N",NA,"N",NA,"N",NA,"N",NA,"N",NA,"N",NA,"noneSelected","noneSelected","noneSelected",800,800,800,800,"Data was split between two AI files and two MD files; dated 9-1-16 and 9-7-16",NA
"D03","OSBS","OSBS_032","2016-05-18T00:00:00.000Z","2016-05-18","tower","1600","FALSE",2016,"NEON.DOC.000987vE","Y","21","39","Y",NA,"Y",NA,"Y",NA,"N",NA,"N","21_1|21_4|39_1|39_3","N",NA,"N",NA,"N",NA,"N",NA,"10","noneSelected","100",800,40,800,400,"Plot burned by prescribed fire ",NA
"D03","OSBS","OSBS_029","2016-05-17T00:00:00.000Z","2016-05-17","tower","1600","FALSE",2016,"NEON.DOC.000987vE","Y","21","39","Y",NA,"Y",NA,"Y",NA,"N",NA,"N",NA,"N",NA,"N",NA,"N",NA,"N",NA,"noneSelected","noneSelected","noneSelected",400,400,400,400,NA,NA
"D03","OSBS","OSBS_035","2017-05-19T00:00:00.000Z","2017-05-19","tower","1600","FALSE",2017,"NEON.DOC.000987vE","Y","23","41","N",NA,"N",NA,"N",NA,"Y","41","N",NA,"Y",NA,"N",NA,"N",NA,"N",NA,"100","noneSelected","noneSelected",800,400,800,800,NA,NA
"D03","OSBS","OSBS_030","2017-05-15T00:00:00.000Z","2017-05-15","tower","1600","FALSE",2017,"NEON.DOC.000987vE","N","39","41",NA,NA,NA,NA,NA,NA,NA,NA,NA,NA,NA,NA,NA,NA,NA,NA,NA,NA,"noneSelected","noneSelected","noneSelected",800,800,800,800,NA,NA
"D03","OSBS","OSBS_033","2017-05-15T00:00:00.000Z","2017-05-15","tower","1600","FALSE",2017,"NEON.DOC.000987vE","Y","21","41","N",NA,"N",NA,"N",NA,"N",NA,"Y","21_4|41_4","N",NA,"N",NA,"N",NA,"N",NA,"100","noneSelected","25",800,400,800,100,NA,NA
"D03","OSBS","OSBS_034","2017-05-15T00:00:00.000Z","2017-05-15","tower","1600","FALSE",2017,"NEON.DOC.000987vE","Y","21","41","N",NA,"N",NA,"N",NA,"Y",NA,"Y",NA,"N",NA,"N",NA,"N",NA,"N",NA,"10","noneSelected","100",800,40,800,400,"nestedSubplotAreaShurb might be wrong",NA
"D03","OSBS","OSBS_026","2017-05-16T00:00:00.000Z","2017-05-16","tower","1600","FALSE",2017,"NEON.DOC.000987vE","Y","21","41","N",NA,"N",NA,"N",NA,"Y",NA,"N",NA,"N",NA,"Y","41","N",NA,"N",NA,"noneSelected","noneSelected","noneSelected",400,400,400,400,NA,NA
"D03","OSBS","OSBS_039","2017-05-16T00:00:00.000Z","2017-05-16","tower","1600","FALSE",2017,"NEON.DOC.000987vE","Y","21","41","N",NA,"N",NA,"N",NA,"Y","41","N",NA,"N",NA,"N",NA,"N",NA,"N",NA,"100","noneSelected","noneSelected",800,400,800,800,NA,NA
"D03","OSBS","OSBS_029","2017-05-16T00:00:00.000Z","2017-05-16","tower","1600","FALSE",2017,"NEON.DOC.000987vE","Y","21","39","N",NA,"N",NA,"N",NA,"Y","39","N",NA,"N",NA,"N",NA,"N",NA,"N",NA,"noneSelected","noneSelected","noneSelected",400,400,400,400,NA,NA
"D03","OSBS","OSBS_044","2017-05-17T00:00:00.000Z","2017-05-17","tower","1600","FALSE",2017,"NEON.DOC.000987vE","Y","39","41","N",NA,"N",NA,"N",NA,"Y",NA,"Y",NA,"N",NA,"Y",NA,"N",NA,"N",NA,"noneSelected","noneSelected","noneSelected",800,800,800,800,NA,NA
"D03","OSBS","OSBS_027","2017-05-17T00:00:00.000Z","2017-05-17","tower","1600","FALSE",2017,"NEON.DOC.000987vE","Y","39","41","N",NA,"N",NA,"N",NA,"Y",NA,"Y",NA,"N",NA,"Y","41","N",NA,"N",NA,"noneSelected","noneSelected","noneSelected",400,400,400,400,NA,NA
"D03","OSBS","OSBS_040","2017-05-18T00:00:00.000Z","2017-05-18","tower","1600","FALSE",2017,"NEON.DOC.000987vE","Y","21","39","N",NA,"N",NA,"N",NA,"Y",NA,"Y","39_1|39_3","N",NA,"Y","21_1|39_1|39_3","N",NA,"N",NA,"noneSelected","noneSelected","25",800,800,800,100,NA,NA
"D03","OSBS","OSBS_038","2017-05-18T00:00:00.000Z","2017-05-18","tower","1600","FALSE",2017,"NEON.DOC.000987vE","Y","23","41","N",NA,"N",NA,"N",NA,"N",NA,"N",NA,"N",NA,"Y","41","N",NA,"N",NA,"100","noneSelected","noneSelected",800,400,800,800,NA,NA
"D03","OSBS","OSBS_031","2017-05-18T00:00:00.000Z","2017-05-18","tower","1600","FALSE",2017,"NEON.DOC.000987vE","Y","23","41","N",NA,"N",NA,"N",NA,"N",NA,"Y",NA,"N",NA,"Y","23_2|23_4|41_1","N",NA,"N",NA,"100","noneSelected","100",800,400,800,400,NA,NA
"D03","OSBS","OSBS_032","2017-05-18T00:00:00.000Z","2017-05-18","tower","1600","FALSE",2017,"NEON.DOC.000987vE","Y","21","39","N",NA,"N",NA,"N",NA,"N",NA,"Y","21_1|21_4|39_1","N",NA,"N",NA,"N",NA,"N",NA,"100","noneSelected","100",800,400,800,400,NA,NA
"D03","OSBS","OSBS_025","2017-05-18T00:00:00.000Z","2017-05-18","tower","1600","FALSE",2017,"NEON.DOC.000987vE","Y","23","41","N",NA,"N",NA,"N",NA,"Y",NA,"N",NA,"N",NA,"Y","41","N",NA,"N",NA,"noneSelected","noneSelected","noneSelected",800,800,800,800,NA,NA
"D03","OSBS","OSBS_042","2017-05-19T00:00:00.000Z","2017-05-19","tower","1600","FALSE",2017,"NEON.DOC.000987vE","Y","21","41","N",NA,"N",NA,"N",NA,"N",NA,"N",NA,"Y","41","Y","41","N",NA,"N",NA,"noneSelected","noneSelected","noneSelected",800,800,800,800,NA,NA
"D03","OSBS","OSBS_041","2017-05-19T00:00:00.000Z","2017-05-19","tower","1600","FALSE",2017,"NEON.DOC.000987vE","Y","23","41","N",NA,"N",NA,"N",NA,"Y","23","N",NA,"N",NA,"N",NA,"N",NA,"N",NA,"100","noneSelected","noneSelected",800,400,800,800,NA,NA
"D03","OSBS","OSBS_028","2017-05-19T00:00:00.000Z","2017-05-19","tower","1600","FALSE",2017,"NEON.DOC.000987vE","Y","23","41","N",NA,"N",NA,"N",NA,"Y","23","Y",NA,"N",NA,"N",NA,"N",NA,"N",NA,"100","noneSelected","noneSelected",800,400,800,800,NA,NA
"D03","OSBS","OSBS_037","2017-05-19T00:00:00.000Z","2017-05-19","tower","1600","FALSE",2017,"NEON.DOC.000987vE","Y","21","39","N",NA,"N",NA,"N",NA,"Y","21","Y","21","N",NA,"N",NA,"N",NA,"N",NA,"100","noneSelected","noneSelected",800,400,800,800,NA,NA
"D03","OSBS","OSBS_036","2017-05-16T00:00:00.000Z","2017-05-16","tower","1600","FALSE",2017,"NEON.DOC.000987vE","Y","39","41","N",NA,"N",NA,"N",NA,"Y",NA,"Y",NA,"N",NA,"N",NA,"N",NA,"N",NA,"noneSelected","noneSelected","noneSelected",800,800,800,800,NA,NA
"D03","OSBS","OSBS_043","2017-05-16T00:00:00.000Z","2017-05-16","tower","1600","FALSE",2017,"NEON.DOC.000987vE","Y","23","39","N",NA,"N",NA,"N",NA,"N",NA,"Y","39","N",NA,"N",NA,"N",NA,"N",NA,"noneSelected","noneSelected","noneSelected",800,800,800,800,NA,NA
"D05","TREE","TREE_049","2016-09-28T00:00:00.000Z","2016-09-28","tower","1600","FALSE",2016,"NEON.DOC.000987vE","Y","21","23","Y","presentInAll","Y","presentInAll","N",NA,"N",NA,"Y","presentInAll","N",NA,"N",NA,"N",NA,"N",NA,"100","noneSelected","25",400,400,400,100,"Ferns measured 2016-09-07",NA
"D05","TREE","TREE_054","2016-10-18T00:00:00.000Z","2016-10-18","tower","1600","FALSE",2016,"NEON.DOC.000987vE","Y","21","41","Y","presentInAll","Y","presentInAll","N",NA,"N",NA,"Y","presentInAll","N",NA,"N",NA,"N",NA,"N",NA,"10","noneSelected","10",800,40,800,100,"Ferns measured 2016-09-01",NA
"D05","TREE","TREE_050","2017-08-30T00:00:00.000Z","2017-08-30","tower","1600","FALSE",2017,"NEON.DOC.000987vG","N","39","41",NA,NA,NA,NA,NA,NA,NA,NA,NA,NA,NA,NA,NA,NA,NA,NA,NA,NA,"10","noneSelected","25",800,40,0,100,NA,NA
"D05","TREE","TREE_053","2017-08-30T00:00:00.000Z","2017-08-30","tower","1600","FALSE",2016,"NEON.DOC.000987vE","N","23","41",NA,NA,NA,NA,NA,NA,NA,NA,NA,NA,NA,NA,NA,NA,NA,NA,NA,NA,"noneSelected","noneSelected","noneSelected",800,40,800,800,NA,NA
"D05","TREE","TREE_054","2017-08-30T00:00:00.000Z","2017-08-30","tower","1600","FALSE",2016,"NEON.DOC.000987vE","N","21","41",NA,NA,NA,NA,NA,NA,NA,NA,NA,NA,NA,NA,NA,NA,NA,NA,NA,NA,"10","noneSelected","noneSelected",800,40,0,800,NA,NA
"D05","TREE","TREE_042","2017-08-29T00:00:00.000Z","2017-08-29","tower","1600","FALSE",2017,"NEON.DOC.000987vG","N","23","41",NA,NA,NA,NA,NA,NA,NA,NA,NA,NA,NA,NA,NA,NA,NA,NA,NA,NA,"noneSelected","noneSelected","noneSelected",800,800,0,800,NA,NA
"D05","TREE","TREE_046","2017-08-29T00:00:00.000Z","2017-08-29","tower","1600","FALSE",2017,"NEON.DOC.000987vG","Y","23","39","Y",NA,"Y",NA,"N",NA,"N",NA,"Y",NA,"N",NA,"N",NA,"N",NA,"N",NA,"noneSelected","noneSelected","10",800,800,0,40,NA,NA
"D05","TREE","TREE_041","2017-08-30T00:00:00.000Z","2017-08-30","tower","1600","FALSE",2017,"NEON.DOC.000987vG","N","21","41",NA,NA,NA,NA,NA,NA,NA,NA,NA,NA,NA,NA,NA,NA,NA,NA,NA,NA,"100","noneSelected","25",800,400,800,100,NA,NA
"D05","TREE","TREE_056","2017-08-28T00:00:00.000Z","2017-08-28","tower","1600","FALSE",2017,"NEON.DOC.000987vG","N","21","41",NA,NA,NA,NA,NA,NA,NA,NA,NA,NA,NA,NA,NA,NA,NA,NA,NA,NA,"100","noneSelected","10",800,400,0,40,NA,NA
"D05","TREE","TREE_055","2017-09-19T00:00:00.000Z","2017-09-19","tower","1600","FALSE",2017,"NEON.DOC.000987vG","Y","39","41","Y",NA,"Y",NA,"N",NA,"N",NA,"Y",NA,"N",NA,"N",NA,"N",NA,"N",NA,"noneSelected","noneSelected","noneSelected",100,100,0,40,NA,NA
"D05","TREE","TREE_040","2016-10-20T00:00:00.000Z","2016-10-20","tower","1600","FALSE",2016,"NEON.DOC.000987vE","Y","23","41","Y","presentInAll","Y","presentInAll","N",NA,"N",NA,"Y","presentInAll","N",NA,"N",NA,"N",NA,"N",NA,"25","noneSelected","25",800,100,800,100,"Ferns not measured 2016",NA
"D05","TREE","TREE_047","2016-10-18T00:00:00.000Z","2016-10-18","tower","1600","FALSE",2016,"NEON.DOC.000987vE","Y","39","41","Y","presentInAll","Y","presentInAll","N",NA,"N",NA,"Y","presentInAll","N",NA,"N",NA,"N",NA,"N",NA,"noneSelected","noneSelected","10",800,800,800,40,"Ferns measured 2016-09-08",NA
"D05","TREE","TREE_055","2016-09-27T00:00:00.000Z","2016-09-27","tower","1600","FALSE",2016,"NEON.DOC.000987vE","Y","39","41","Y","presentInAll","Y","presentInAll","N",NA,"N",NA,"Y","presentInAll","N",NA,"N",NA,"N",NA,"N",NA,"noneSelected","noneSelected","10",800,800,800,40,"Ferns measured 2016-09-01",NA
"D05","TREE","TREE_057","2016-10-18T00:00:00.000Z","2016-10-18","tower","1600","FALSE",2016,"NEON.DOC.000987vE","Y","23","39","Y","presentInAll","Y","presentInAll","N",NA,"N",NA,"Y","presentInAll","N",NA,"N",NA,"N",NA,"N",NA,"25","noneSelected","10",800,100,800,40,"Ferns measured 2016-09-01",NA
"D05","TREE","TREE_048","2016-10-18T00:00:00.000Z","2016-10-18","tower","1600","FALSE",2016,"NEON.DOC.000987vE","Y","39","41","Y","presentInAll","Y","presentInAll","N",NA,"N",NA,"Y","presentInAll","N",NA,"N",NA,"N",NA,"N",NA,"10","noneSelected","noneSelected",800,40,800,800,"Ferns not measured 2016",NA
"D05","TREE","TREE_045","2016-10-18T00:00:00.000Z","2016-10-18","tower","1600","FALSE",2016,"NEON.DOC.000987vE","Y","23","39","Y","presentInAll","Y","presentInAll","N",NA,"N",NA,"Y","presentInAll","N",NA,"N",NA,"N",NA,"N",NA,"25","noneSelected","10",800,100,800,40,"Ferns not measured 2016",NA
"D05","TREE","TREE_044","2016-10-19T00:00:00.000Z","2016-10-19","tower","1600","FALSE",2016,"NEON.DOC.000987vE","Y","39","41","Y","presentInAll","Y","presentInAll","N",NA,"N",NA,"Y","presentInAll","N",NA,"N",NA,"N",NA,"N",NA,"10","noneSelected","10",800,40,800,40,"Ferns not measured 2016",NA
"D05","TREE","TREE_043","2016-10-19T00:00:00.000Z","2016-10-19","tower","1600","FALSE",2016,"NEON.DOC.000987vE","Y","39","41","Y","presentInAll","Y","presentInAll","N",NA,"N",NA,"Y","presentInAll","N",NA,"N",NA,"N",NA,"N",NA,"10","noneSelected","10",800,40,800,40,"Ferns not measured 2016",NA
"D05","TREE","TREE_041","2016-10-18T00:00:00.000Z","2016-10-18","tower","1600","FALSE",2016,"NEON.DOC.000987vE","Y","21","41","Y","presentInAll","Y","presentInAll","N",NA,"N",NA,"Y","presentInAll","N",NA,"N",NA,"N",NA,"N",NA,"100","noneSelected","25",400,400,400,100,"Ferns measured 2016-09-08",NA
"D05","TREE","TREE_039","2016-10-18T00:00:00.000Z","2016-10-18","tower","1600","FALSE",2016,"NEON.DOC.000987vE","Y","23","41","Y","presentInAll","Y","presentInAll","N",NA,"N",NA,"Y","presentInAll","N",NA,"N",NA,"N",NA,"N",NA,"100","noneSelected","10",800,400,800,40,"Ferns measured 2016-09-09",NA
"D05","TREE","TREE_025","2016-10-18T00:00:00.000Z","2016-10-18","tower","1600","FALSE",2016,"NEON.DOC.000987vE","Y","21","23","Y","presentInAll","Y","presentInAll","N",NA,"N",NA,"Y","presentInAll","N",NA,"N",NA,"N",NA,"N",NA,"25","noneSelected","10",800,100,800,40,"Ferns not measured 2016",NA
"D05","TREE","TREE_050","2016-09-29T00:00:00.000Z","2016-09-29","tower","1600","FALSE",2016,"NEON.DOC.000987vE","Y","39","41","Y","presentInAll","Y","presentInAll","N",NA,"N",NA,"Y","presentInAll","N",NA,"N",NA,"N",NA,"N",NA,"10","noneSelected","25",800,40,800,100,"Ferns measured 2016-09-08",NA
"D05","TREE","TREE_052","2016-09-29T00:00:00.000Z","2016-09-29","tower","1600","FALSE",2016,"NEON.DOC.000987vE","Y","21","23","Y","presentInAll","Y","presentInAll","N",NA,"N",NA,"Y","presentInAll","N",NA,"N",NA,"N",NA,"N",NA,"10","noneSelected","25",800,40,800,100,"Ferns measured 2016-09-08",NA
"D05","TREE","TREE_053","2016-09-27T00:00:00.000Z","2016-09-27","tower","1600","FALSE",2016,"NEON.DOC.000987vE","Y","23","41","Y","presentInAll","Y","presentInAll","N",NA,"N",NA,"Y","presentInAll","N",NA,"N",NA,"N",NA,"N",NA,"noneSelected","noneSelected","10",800,800,800,40,"Ferns measured 2016-09-01",NA
"D05","TREE","TREE_056","2016-09-28T00:00:00.000Z","2016-09-28","tower","1600","FALSE",2016,"NEON.DOC.000987vE","Y","21","41","Y","presentInAll","Y","presentInAll","N",NA,"N",NA,"Y","presentInAll","N",NA,"N",NA,"N",NA,"N",NA,"100","noneSelected","10",800,400,800,40,"Ferns measured 2016-09-06",NA
"D05","TREE","TREE_051","2016-09-28T00:00:00.000Z","2016-09-28","tower","1600","FALSE",2016,"NEON.DOC.000987vE","Y","39","41","Y","presentInAll","Y","presentInAll","N",NA,"N",NA,"Y","presentInAll","N",NA,"N",NA,"N",NA,"N",NA,"100","noneSelected","10",800,400,800,40,"Ferns measured 2016-09-01",NA
"D05","TREE","TREE_046","2016-09-29T00:00:00.000Z","2016-09-29","tower","1600","FALSE",2016,"NEON.DOC.000987vE","Y","23","39","Y","presentInAll","Y","presentInAll","N",NA,"N",NA,"Y","presentInAll","N",NA,"N",NA,"N",NA,"N",NA,"noneSelected","noneSelected","10",400,400,400,40,"Ferns measured 2016-09-07",NA
"D05","TREE","TREE_042","2016-09-28T00:00:00.000Z","2016-09-28","tower","1600","FALSE",2016,"NEON.DOC.000987vE","Y","23","41","Y","presentInAll","Y","presentInAll","N",NA,"N",NA,"Y","presentInAll","N",NA,"N",NA,"N",NA,"N",NA,"noneSelected","noneSelected","10",800,800,800,40,"Ferns measured 2016-09-01",NA
"D05","UNDE","UNDE_038","2016-09-13T00:00:00.000Z","2016-09-13","tower","1600","FALSE",2016,"NEON.DOC.000987vE","Y","23","41","Y","presentInAll","Y","presentInAll","N",NA,"N",NA,"Y","presentInAll","N",NA,"N",NA,"N",NA,"N",NA,"25","noneSelected","25",400,400,400,100,"Ferns measured 2016-09-13",NA
"D05","UNDE","UNDE_038","2017-08-16T00:00:00.000Z","2017-08-16","tower","1600","FALSE",2017,"NEON.DOC.000987vG","N","23","41",NA,NA,NA,NA,NA,NA,NA,NA,NA,NA,NA,NA,NA,NA,NA,NA,NA,NA,"25","noneSelected","25",100,100,0,100,NA,NA
"D05","UNDE","UNDE_044","2017-08-16T00:00:00.000Z","2017-08-16","tower","1600","FALSE",2017,"NEON.DOC.000987vG","N","21","39",NA,NA,NA,NA,NA,NA,NA,NA,NA,NA,NA,NA,NA,NA,NA,NA,NA,NA,"25","noneSelected","10",100,100,0,40,NA,NA
"D05","UNDE","UNDE_049","2017-08-16T00:00:00.000Z","2017-08-16","tower","1600","FALSE",2017,"NEON.DOC.000987vG","N","21","39",NA,NA,NA,NA,NA,NA,NA,NA,NA,NA,NA,NA,NA,NA,NA,NA,NA,NA,"25","noneSelected","10",100,100,0,40,NA,NA
"D05","UNDE","UNDE_057","2017-08-16T00:00:00.000Z","2017-08-16","tower","1600","FALSE",2017,"NEON.DOC.000987vG","N","21","23",NA,NA,NA,NA,NA,NA,NA,NA,NA,NA,NA,NA,NA,NA,NA,NA,NA,NA,"100","noneSelected","10",400,400,0,40,NA,NA
"D05","UNDE","UNDE_055","2016-09-26T00:00:00.000Z","2016-09-26","tower","1600","FALSE",2016,"NEON.DOC.000987vE","Y","23","39","Y","presentInAll","Y","presentInAll","N",NA,"N",NA,"Y","presentInAll","N",NA,"N",NA,"N",NA,"N",NA,"25","noneSelected","10",800,100,800,40,"Ferns measured 2016-08-31",NA
"D05","UNDE","UNDE_060","2017-08-16T00:00:00.000Z","2017-08-16","tower","1600","FALSE",2017,"NEON.DOC.000987vG","N","21","23",NA,NA,NA,NA,NA,NA,NA,NA,NA,NA,NA,NA,NA,NA,NA,NA,NA,NA,"100","noneSelected","10",400,400,0,100,NA,NA
"D05","UNDE","UNDE_047","2017-08-16T00:00:00.000Z","2017-08-16","tower","1600","FALSE",2017,"NEON.DOC.000987vG","N","21","39",NA,NA,NA,NA,NA,NA,NA,NA,NA,NA,NA,NA,NA,NA,NA,NA,NA,NA,"25","noneSelected","10",100,100,0,100,NA,NA
"D05","UNDE","UNDE_055","2017-08-16T00:00:00.000Z","2017-08-16","tower","1600","FALSE",2017,"NEON.DOC.000987vG","N","23","39",NA,NA,NA,NA,NA,NA,NA,NA,NA,NA,NA,NA,NA,NA,NA,NA,NA,NA,"25","noneSelected","10",100,100,0,40,NA,NA
"D05","UNDE","UNDE_054","2017-08-16T00:00:00.000Z","2017-08-16","tower","1600","FALSE",2017,"NEON.DOC.000987vG","N","21","23",NA,NA,NA,NA,NA,NA,NA,NA,NA,NA,NA,NA,NA,NA,NA,NA,NA,NA,"noneSelected","noneSelected","25",400,400,0,100,NA,NA
"D05","UNDE","UNDE_058","2017-08-16T00:00:00.000Z","2017-08-16","tower","1600","FALSE",2017,"NEON.DOC.000987vG","N","23","41",NA,NA,NA,NA,NA,NA,NA,NA,NA,NA,NA,NA,NA,NA,NA,NA,NA,NA,"25","noneSelected","25",100,100,0,100,NA,NA
"D05","UNDE","UNDE_052","2016-09-08T00:00:00.000Z","2016-09-08","tower","1600","FALSE",2016,"NEON.DOC.000987vE","Y","21","39","N",NA,"N",NA,"N",NA,"N",NA,"Y","presentInAll","N",NA,"N",NA,"N",NA,"N",NA,"noneSelected","noneSelected","10",800,800,800,40,NA,NA
"D05","UNDE","UNDE_056","2016-09-12T00:00:00.000Z","2016-09-12","tower","1600","FALSE",2016,"NEON.DOC.000987vE","Y","23","41","N",NA,"N",NA,"N",NA,"N",NA,"Y","presentInAll","N",NA,"N",NA,"N",NA,"N",NA,"noneSelected","noneSelected","100",800,800,800,400,NA,NA
"D05","UNDE","UNDE_057","2016-08-29T00:00:00.000Z","2016-08-29","tower","1600","FALSE",2016,"NEON.DOC.000987vE","Y","21","23","N",NA,"N",NA,"N",NA,"N",NA,"Y","presentInAll","N",NA,"N",NA,"N",NA,"N",NA,"noneSelected","noneSelected","10",800,800,800,40,NA,NA
"D05","UNDE","UNDE_078","2016-09-08T00:00:00.000Z","2016-09-08","tower","1600","FALSE",2016,"NEON.DOC.000987vE","Y",NA,NA,"N",NA,"N",NA,"N",NA,"N",NA,"Y","31|32","N",NA,"N",NA,"N",NA,"N",NA,"noneSelected","noneSelected","noneSelected",800,800,800,800,"subplot ID's on datasheet differ from fulcrum",NA
"D05","UNDE","UNDE_058","2016-09-14T00:00:00.000Z","2016-09-14","tower","1600","FALSE",2016,"NEON.DOC.000987vE","Y","23","41","Y","presentInAll","Y","presentInAll","N",NA,"N",NA,"Y","presentInAll","N",NA,"N",NA,"N",NA,"N",NA,"25","noneSelected","25",800,100,800,100,"Ferns measured 2016-08-29",NA
"D05","UNDE","UNDE_050","2016-09-22T00:00:00.000Z","2016-09-22","tower","1600","FALSE",2016,"NEON.DOC.000987vE","Y","21","39","Y","presentInAll","Y","presentInAll","N",NA,"N",NA,"Y","presentInAll","N",NA,"N",NA,"N",NA,"N",NA,"25","noneSelected","25",800,100,800,100,"Ferns measured 2016-08-31",NA
"D05","UNDE","UNDE_043","2016-09-28T00:00:00.000Z","2016-09-28","tower","1600","FALSE",2016,"NEON.DOC.000987vE","Y","23","39","Y","presentInAll","Y","presentInAll","N",NA,"N",NA,"Y","presentInAll","N",NA,"N",NA,"N",NA,"N",NA,"25","noneSelected","25",400,400,400,100,"Ferns measured 2016-09-08",NA
"D05","UNDE","UNDE_065","2016-09-28T00:00:00.000Z","2016-09-28","tower","1600","FALSE",2016,"NEON.DOC.000987vE","Y","21","23","Y","presentInAll","Y","presentInAll","N",NA,"N",NA,"Y","presentInAll","N",NA,"N",NA,"N",NA,"N",NA,"10","noneSelected","100",800,40,800,400,"Ferns measured 2016-09-07",NA
"D05","UNDE","UNDE_061","2016-11-15T00:00:00.000Z","2016-11-15","tower","1600","FALSE",2016,"NEON.DOC.000987vE","Y","23","41","Y","presentInAll","Y","presentInAll","N",NA,"N",NA,"Y","presentInAll","N",NA,"N",NA,"N",NA,"N",NA,"10","noneSelected","100",800,40,800,400,"Ferns measured 2016-09-07",NA
"D05","UNDE","UNDE_060","2016-11-15T00:00:00.000Z","2016-11-15","tower","1600","FALSE",2016,"NEON.DOC.000987vE","Y","21","23","Y","presentInAll","Y","presentInAll","N",NA,"N",NA,"Y","presentInAll","N",NA,"N",NA,"N",NA,"N",NA,"100","noneSelected","25",800,400,800,100,"Ferns measured 2016-09-12",NA
"D05","UNDE","UNDE_059","2016-09-27T00:00:00.000Z","2016-09-27","tower","1600","FALSE",2016,"NEON.DOC.000987vE","Y","23","39","Y","presentInAll","Y","presentInAll","N",NA,"N",NA,"Y","presentInAll","N",NA,"N",NA,"N",NA,"N",NA,"100","noneSelected","10",800,400,800,40,"Ferns measured 2016-09-09",NA
"D05","UNDE","UNDE_057","2016-09-18T00:00:00.000Z","2016-09-18","tower","1600","FALSE",2016,"NEON.DOC.000987vE","Y","21","23","Y","presentInAll","Y","presentInAll","N",NA,"N",NA,"Y","presentInAll","N",NA,"N",NA,"N",NA,"N",NA,"100","noneSelected","10",800,400,800,40,"Ferns measured 2016-08-29",NA
"D05","UNDE","UNDE_056","2016-11-10T00:00:00.000Z","2016-11-10","tower","1600","FALSE",2016,"NEON.DOC.000987vE","Y","23","41","Y","presentInAll","Y","presentInAll","N",NA,"N",NA,"Y","presentInAll","N",NA,"N",NA,"N",NA,"N",NA,"25","noneSelected","100",800,100,800,400,"Ferns measured 2016-09-12",NA
"D05","UNDE","UNDE_054","2016-09-15T00:00:00.000Z","2016-09-15","tower","1600","FALSE",2016,"NEON.DOC.000987vE","Y","21","23","Y","presentInAll","Y","presentInAll","N",NA,"N",NA,"Y","presentInAll","N",NA,"N",NA,"N",NA,"N",NA,"100","noneSelected","100",800,400,800,400,"Ferns measured 2016-09-01",NA
"D05","UNDE","UNDE_052","2016-09-14T00:00:00.000Z","2016-09-14","tower","1600","FALSE",2016,"NEON.DOC.000987vE","Y","21","39","Y","presentInAll","Y","presentInAll","N",NA,"N",NA,"Y","presentInAll","N",NA,"N",NA,"N",NA,"N",NA,"25","noneSelected","10",800,100,800,40,"Ferns measured 2016-09-08",NA
"D05","UNDE","UNDE_049","2016-09-29T00:00:00.000Z","2016-09-29","tower","1600","FALSE",2016,"NEON.DOC.000987vE","Y","21","39","Y","presentInAll","Y","presentInAll","N",NA,"N",NA,"Y","presentInAll","N",NA,"N",NA,"N",NA,"N",NA,"25","noneSelected","10",800,100,800,40,"Ferns measured 2016-09-01",NA
"D05","UNDE","UNDE_048","2016-09-13T00:00:00.000Z","2016-09-13","tower","1600","FALSE",2016,"NEON.DOC.000987vE","Y","39","41","Y","presentInAll","Y","presentInAll","N",NA,"N",NA,"Y","presentInAll","N",NA,"N",NA,"N",NA,"N",NA,"25","noneSelected","25",800,100,800,100,"Ferns measured 2016-09-07",NA
"D05","UNDE","UNDE_047","2016-09-15T00:00:00.000Z","2016-09-15","tower","1600","FALSE",2016,"NEON.DOC.000987vE","Y","21","39","Y","presentInAll","Y","presentInAll","N",NA,"N",NA,"Y","presentInAll","N",NA,"N",NA,"N",NA,"N",NA,"25","noneSelected","25",800,100,800,100,"Ferns measured 2016-09-07",NA
"D05","UNDE","UNDE_045","2016-09-13T00:00:00.000Z","2016-09-13","tower","1600","FALSE",2016,"NEON.DOC.000987vE","Y","39","41","Y","presentInAll","Y","presentInAll","N",NA,"N",NA,"Y","presentInAll","N",NA,"N",NA,"N",NA,"N",NA,"25","noneSelected","25",800,100,800,100,"Ferns measured 2016-09-08",NA
"D05","UNDE","UNDE_044","2016-09-29T00:00:00.000Z","2016-09-29","tower","1600","FALSE",2016,"NEON.DOC.000987vE","Y","21","39","Y","presentInAll","Y","presentInAll","N",NA,"N",NA,"Y","presentInAll","N",NA,"N",NA,"N",NA,"N",NA,"25","noneSelected","10",800,100,800,40,"Ferns measured 2016-09-13",NA
"D05","UNDE","UNDE_078","2016-11-14T00:00:00.000Z","2016-11-14","tower","1600","FALSE",2016,"NEON.DOC.000987vE","Y",NA,NA,"Y","presentInAll","Y","presentInAll","N",NA,"N",NA,"Y","presentInAll","N",NA,"N",NA,"N",NA,"N",NA,"10","noneSelected","100",800,40,800,400,"Ferns measured 2016-09-08",NA
"D05","UNDE","UNDE_061","2017-08-16T00:00:00.000Z","2017-08-16","tower","1600","FALSE",2017,"NEON.DOC.000987vG","N","23","41",NA,NA,NA,NA,NA,NA,NA,NA,NA,NA,NA,NA,NA,NA,NA,NA,NA,NA,"10","noneSelected","100",40,40,0,400,NA,NA
"D05","UNDE","UNDE_059","2016-09-09T00:00:00.000Z","2016-09-09","tower","1600","FALSE",2016,"NEON.DOC.000987vE","Y","23","39","N",NA,"N",NA,"N",NA,"N",NA,"Y","presentInAll","N",NA,"N",NA,"N",NA,"N",NA,"noneSelected","noneSelected","10",800,800,800,40,NA,NA
"D05","UNDE","UNDE_058","2016-08-29T00:00:00.000Z","2016-08-29","tower","1600","FALSE",2016,"NEON.DOC.000987vE","Y","23","41","N",NA,"N",NA,"N",NA,"N",NA,"Y","41_4","N",NA,"N",NA,"N",NA,"N",NA,"noneSelected","noneSelected","10",800,800,800,40,NA,NA
"D05","UNDE","UNDE_043","2016-09-08T00:00:00.000Z","2016-09-08","tower","1600","FALSE",2016,"NEON.DOC.000987vE","Y","23","39","N",NA,"N",NA,"N",NA,"N",NA,"Y","presentInAll","N",NA,"N",NA,"N",NA,"N",NA,"25","noneSelected","25",400,400,400,100,NA,NA
"D05","UNDE","UNDE_038","2016-09-13T00:00:00.000Z","2016-09-13","tower","1600","FALSE",2016,"NEON.DOC.000987vE","Y","23","41","N",NA,"N",NA,"N",NA,"N",NA,"Y","presentInAll","N",NA,"N",NA,"N",NA,"N",NA,"25","noneSelected","25",400,400,400,100,NA,NA
"D05","UNDE","UNDE_045","2016-09-07T00:00:00.000Z","2016-09-07","tower","1600","FALSE",2016,"NEON.DOC.000987vE","Y","39","41","N",NA,"N",NA,"N",NA,"N",NA,"Y","presentInAll","N",NA,"N",NA,"N",NA,"N",NA,"noneSelected","noneSelected","25",800,800,800,100,NA,NA
"D05","UNDE","UNDE_048","2016-09-07T00:00:00.000Z","2016-09-07","tower","1600","FALSE",2016,"NEON.DOC.000987vE","Y","39","41","N",NA,"N",NA,"N",NA,"N",NA,"Y","presentInAll","N",NA,"N",NA,"N",NA,"N",NA,"noneSelected","noneSelected","25",800,800,800,100,NA,NA
"D05","UNDE","UNDE_050","2016-08-31T00:00:00.000Z","2016-08-31","tower","1600","FALSE",2016,"NEON.DOC.000987vE","Y","21","39","N",NA,"N",NA,"N",NA,"N",NA,"Y","presentInAll","N",NA,"N",NA,"N",NA,"N",NA,"noneSelected","noneSelected","25",800,800,800,100,NA,NA
"D05","UNDE","UNDE_049","2016-09-01T00:00:00.000Z","2016-09-01","tower","1600","FALSE",2016,"NEON.DOC.000987vE","Y","21","39","N",NA,"N",NA,"N",NA,"N",NA,"Y","presentInAll","N",NA,"N",NA,"N",NA,"N",NA,"noneSelected","noneSelected","10",800,800,800,40,NA,NA
"D05","UNDE","UNDE_065","2016-09-07T00:00:00.000Z","2016-09-07","tower","1600","FALSE",2016,"NEON.DOC.000987vE","Y","21","23","N",NA,"N",NA,"N",NA,"N",NA,"Y","presentInAll","N",NA,"N",NA,"N",NA,"N",NA,"noneSelected","noneSelected","noneSelected",800,800,800,800,NA,NA
"D05","UNDE","UNDE_054","2016-09-01T00:00:00.000Z","2016-09-01","tower","1600","FALSE",2016,"NEON.DOC.000987vE","Y","21","23","N",NA,"N",NA,"N",NA,"N",NA,"Y","presentInAll","N",NA,"N",NA,"N",NA,"N",NA,"noneSelected","noneSelected","100",800,800,800,400,NA,NA
"D05","UNDE","UNDE_055","2016-08-31T00:00:00.000Z","2016-08-31","tower","1600","FALSE",2016,"NEON.DOC.000987vE","Y","23","39","N",NA,"N",NA,"N",NA,"N",NA,"Y",NA,"N",NA,"N",NA,"N",NA,"N",NA,"noneSelected","noneSelected","10",800,800,800,40,NA,NA
"D05","UNDE","UNDE_058","2017-08-10T00:00:00.000Z","2017-08-10","tower","1600","FALSE",2017,"NEON.DOC.000987vG","N","23","41",NA,NA,NA,NA,NA,NA,NA,NA,NA,NA,NA,NA,NA,NA,NA,NA,NA,NA,"25","noneSelected","25",800,100,800,100,NA,NA
"D05","UNDE","UNDE_048","2017-08-10T00:00:00.000Z","2017-08-10","tower","1600","FALSE",2017,"NEON.DOC.000987vG","N","39","41",NA,NA,NA,NA,NA,NA,NA,NA,NA,NA,NA,NA,NA,NA,NA,NA,NA,NA,"25","noneSelected","25",800,100,800,100,NA,NA
"D05","UNDE","UNDE_078","2017-08-16T00:00:00.000Z","2017-08-16","tower","1600","FALSE",2017,"NEON.DOC.000987vG","N",NA,NA,NA,NA,NA,NA,NA,NA,NA,NA,NA,NA,NA,NA,NA,NA,NA,NA,NA,NA,"10","noneSelected","100",40,40,0,400,NA,NA
"D05","UNDE","UNDE_037","2016-09-13T00:00:00.000Z","2016-09-13","tower","1600","FALSE",2016,"NEON.DOC.000987vE","Y","39","41","Y","presentInAll","Y","presentInAll","N",NA,"N",NA,"Y","presentInAll","N",NA,"N",NA,"N",NA,"N",NA,"10","noneSelected","100",400,400,400,400,"Ferns measured 2016-09-07",NA
"D05","UNDE","UNDE_037","2016-09-07T00:00:00.000Z","2016-09-07","tower","1600","FALSE",2016,"NEON.DOC.000987vE","Y","39","41","N",NA,"N",NA,"N",NA,"N",NA,"Y","presentInAll","N",NA,"N",NA,"N",NA,"N",NA,"10","noneSelected","100",400,400,400,400,NA,NA
"D05","UNDE","UNDE_037","2017-08-16T00:00:00.000Z","2017-08-16","tower","1600","FALSE",2017,"NEON.DOC.000987vG","N","39","41",NA,NA,NA,NA,NA,NA,NA,NA,NA,NA,NA,NA,NA,NA,NA,NA,NA,NA,"noneSelected","noneSelected","100",40,40,0,400,NA,NA
"D05","UNDE","UNDE_043","2017-08-16T00:00:00.000Z","2017-08-16","tower","1600","FALSE",2016,"NEON.DOC.000987vE","N","23","39",NA,NA,NA,NA,NA,NA,NA,NA,NA,NA,NA,NA,NA,NA,NA,NA,NA,NA,"25","noneSelected","25",100,100,0,100,NA,NA
"D05","UNDE","UNDE_059","2017-08-16T00:00:00.000Z","2017-08-16","tower","1600","FALSE",2017,"NEON.DOC.000987vG","N","23","39",NA,NA,NA,NA,NA,NA,NA,NA,NA,NA,NA,NA,NA,NA,NA,NA,NA,NA,"100","noneSelected","10",400,400,0,40,NA,NA
"D05","UNDE","UNDE_045","2017-08-16T00:00:00.000Z","2017-08-16","tower","1600","FALSE",2017,"NEON.DOC.000987vG","N","39","41",NA,NA,NA,NA,NA,NA,NA,NA,NA,NA,NA,NA,NA,NA,NA,NA,NA,NA,"25","noneSelected","25",100,100,0,100,NA,NA
"D05","UNDE","UNDE_050","2017-08-16T00:00:00.000Z","2017-08-16","tower","1600","FALSE",2017,"NEON.DOC.000987vG","N","21","39",NA,NA,NA,NA,NA,NA,NA,NA,NA,NA,NA,NA,NA,NA,NA,NA,NA,NA,"25","noneSelected","25",100,100,0,100,NA,NA
"D05","UNDE","UNDE_052","2017-08-16T00:00:00.000Z","2017-08-16","tower","1600","FALSE",2017,"NEON.DOC.000987vG","N","21","39",NA,NA,NA,NA,NA,NA,NA,NA,NA,NA,NA,NA,NA,NA,NA,NA,NA,NA,"25","noneSelected","10",100,100,0,40,NA,NA
"D05","UNDE","UNDE_056","2017-08-16T00:00:00.000Z","2017-08-16","tower","1600","FALSE",2017,"NEON.DOC.000987vG","N","23","41",NA,NA,NA,NA,NA,NA,NA,NA,NA,NA,NA,NA,NA,NA,NA,NA,NA,NA,"25","noneSelected","100",100,100,0,400,NA,NA
"D05","UNDE","UNDE_065","2017-08-16T00:00:00.000Z","2017-08-16","tower","1600","FALSE",2017,"NEON.DOC.000987vG","N","21","23",NA,NA,NA,NA,NA,NA,NA,NA,NA,NA,NA,NA,NA,NA,NA,NA,NA,NA,"10","noneSelected","100",40,40,0,400,NA,NA
"D07","ORNL","ORNL_049","2016-12-02T00:00:00.000Z","2016-12-02","tower","1600","FALSE",2016,"NEON.DOC.000987vE","Y","21","39","Y",NA,"Y",NA,"Y",NA,"N",NA,"N",NA,"N",NA,"N",NA,"N",NA,"N",NA,"100","noneSelected","noneSelected",800,400,800,800,NA,NA
"D07","ORNL","ORNL_063","2016-12-01T00:00:00.000Z","2016-12-01","tower","1600","FALSE",2016,"NEON.DOC.000987vE","Y","23","39","Y",NA,"Y",NA,"Y",NA,"N",NA,"N",NA,"N",NA,"N",NA,"N",NA,"N",NA,"100","noneSelected","noneSelected",800,400,800,800,NA,NA
"D07","ORNL","ORNL_062","2016-11-29T00:00:00.000Z","2016-11-29","tower","1600","FALSE",2016,"NEON.DOC.000987vE","Y","21","23","Y",NA,"Y",NA,"N",NA,"N",NA,"N",NA,"N",NA,"N",NA,"N",NA,"N",NA,"noneSelected","noneSelected","noneSelected",800,800,800,800,NA,NA
"D07","ORNL","ORNL_055","2016-11-29T00:00:00.000Z","2016-11-29","tower","1600","FALSE",2016,"NEON.DOC.000987vE","Y","21","41","Y",NA,"Y",NA,"Y",NA,"N",NA,"N",NA,"N",NA,"N",NA,"N",NA,"N",NA,"100","noneSelected","noneSelected",800,400,800,800,NA,NA
"D07","ORNL","ORNL_061","2016-12-12T00:00:00.000Z","2016-12-12","tower","1600","FALSE",2016,"NEON.DOC.000987vE","N","39","41",NA,NA,NA,NA,NA,NA,NA,NA,NA,NA,NA,NA,NA,NA,NA,NA,NA,NA,"noneSelected","noneSelected","noneSelected",800,800,800,800,NA,NA
"D07","ORNL","ORNL_060","2016-12-08T00:00:00.000Z","2016-12-08","tower","1600","FALSE",2016,"NEON.DOC.000987vE","N","21","39",NA,NA,NA,NA,NA,NA,NA,NA,NA,NA,NA,NA,NA,NA,NA,NA,NA,NA,"noneSelected","noneSelected","noneSelected",800,800,800,800,NA,NA
"D07","ORNL","ORNL_059","2016-12-05T00:00:00.000Z","2016-12-05","tower","1600","FALSE",2016,"NEON.DOC.000987vE","N","21","23",NA,NA,NA,NA,NA,NA,NA,NA,NA,NA,NA,NA,NA,NA,NA,NA,NA,NA,"100","noneSelected","noneSelected",800,400,800,800,NA,NA
"D07","ORNL","ORNL_058","2016-12-07T00:00:00.000Z","2016-12-07","tower","1600","FALSE",2016,"NEON.DOC.000987vE","N","39","41",NA,NA,NA,NA,NA,NA,NA,NA,NA,NA,NA,NA,NA,NA,NA,NA,NA,NA,"100","noneSelected","noneSelected",800,400,800,800,NA,NA
"D07","ORNL","ORNL_057","2016-12-12T00:00:00.000Z","2016-12-12","tower","1600","FALSE",2016,"NEON.DOC.000987vE","N","21","39",NA,NA,NA,NA,NA,NA,NA,NA,NA,NA,NA,NA,NA,NA,NA,NA,NA,NA,"100","noneSelected","noneSelected",800,400,800,800,NA,NA
"D07","ORNL","ORNL_056","2016-12-08T00:00:00.000Z","2016-12-08","tower","1600","FALSE",2016,"NEON.DOC.000987vE","N","23","41",NA,NA,NA,NA,NA,NA,NA,NA,NA,NA,NA,NA,NA,NA,NA,NA,NA,NA,"25","noneSelected","noneSelected",800,100,800,800,NA,NA
"D07","ORNL","ORNL_054","2016-12-14T00:00:00.000Z","2016-12-14","tower","1600","FALSE",2016,"NEON.DOC.000987vE","N","23","39",NA,NA,NA,NA,NA,NA,NA,NA,NA,NA,NA,NA,NA,NA,NA,NA,NA,NA,"100","noneSelected","noneSelected",800,400,800,800,NA,NA
"D07","ORNL","ORNL_053","2016-12-05T00:00:00.000Z","2016-12-05","tower","1600","FALSE",2016,"NEON.DOC.000987vE","N","21","41",NA,NA,NA,NA,NA,NA,NA,NA,NA,NA,NA,NA,NA,NA,NA,NA,NA,NA,"25","noneSelected","noneSelected",800,100,800,800,NA,NA
"D07","ORNL","ORNL_052","2016-12-01T00:00:00.000Z","2016-12-01","tower","1600","FALSE",2016,"NEON.DOC.000987vE","N","21","39",NA,NA,NA,NA,NA,NA,NA,NA,NA,NA,NA,NA,NA,NA,NA,NA,NA,NA,"100","noneSelected","noneSelected",800,400,800,800,NA,NA
"D07","ORNL","ORNL_051","2016-12-12T00:00:00.000Z","2016-12-12","tower","1600","FALSE",2016,"NEON.DOC.000987vE","N","23","41",NA,NA,NA,NA,NA,NA,NA,NA,NA,NA,NA,NA,NA,NA,NA,NA,NA,NA,"25","noneSelected","noneSelected",800,100,800,800,NA,NA
"D07","ORNL","ORNL_050","2016-12-14T00:00:00.000Z","2016-12-14","tower","1600","FALSE",2016,"NEON.DOC.000987vE","N","21","41",NA,NA,NA,NA,NA,NA,NA,NA,NA,NA,NA,NA,NA,NA,NA,NA,NA,NA,"100","noneSelected","noneSelected",800,400,800,800,NA,NA
"D07","ORNL","ORNL_046","2016-12-07T00:00:00.000Z","2016-12-07","tower","1600","FALSE",2016,"NEON.DOC.000987vE","N","39","41",NA,NA,NA,NA,NA,NA,NA,NA,NA,NA,NA,NA,NA,NA,NA,NA,NA,NA,"noneSelected","noneSelected","noneSelected",400,400,400,400,NA,NA
"D07","ORNL","ORNL_045","2016-12-14T00:00:00.000Z","2016-12-14","tower","1600","FALSE",2016,"NEON.DOC.000987vE","N","39","41",NA,NA,NA,NA,NA,NA,NA,NA,NA,NA,NA,NA,NA,NA,NA,NA,NA,NA,"noneSelected","noneSelected","noneSelected",800,800,800,800,NA,NA
"D07","ORNL","ORNL_043","2016-12-07T00:00:00.000Z","2016-12-07","tower","1600","FALSE",2016,"NEON.DOC.000987vE","N","39","41",NA,NA,NA,NA,NA,NA,NA,NA,NA,NA,NA,NA,NA,NA,NA,NA,NA,NA,"noneSelected","noneSelected","noneSelected",400,400,400,400,NA,NA
"D07","ORNL","ORNL_037","2016-12-08T00:00:00.000Z","2016-12-08","tower","1600","FALSE",2016,"NEON.DOC.000987vE","N","21","41",NA,NA,NA,NA,NA,NA,NA,NA,NA,NA,NA,NA,NA,NA,NA,NA,NA,NA,"100","noneSelected","noneSelected",800,400,800,800,NA,NA
"D07","ORNL","ORNL_036","2016-12-07T00:00:00.000Z","2016-12-07","tower","1600","FALSE",2016,"NEON.DOC.000987vE","N","21","39",NA,NA,NA,NA,NA,NA,NA,NA,NA,NA,NA,NA,NA,NA,NA,NA,NA,NA,"noneSelected","noneSelected","noneSelected",800,800,800,800,NA,NA
"D07","GRSM","GRSM_061","2016-11-07T00:00:00.000Z","2016-11-07","tower","1600","FALSE",2016,"NEON.DOC.000987vE","Y","23","41","Y",NA,"Y",NA,"N",NA,"N",NA,"N",NA,"N",NA,"N",NA,"N",NA,"N",NA,"100","noneSelected","noneSelected",800,400,800,800,NA,NA
"D07","GRSM","GRSM_060","2016-11-07T00:00:00.000Z","2016-11-07","tower","1600","FALSE",2016,"NEON.DOC.000987vE","Y","23","41","Y",NA,"Y",NA,"N",NA,"N",NA,"N",NA,"N",NA,"N",NA,"N",NA,"N",NA,"100","noneSelected","noneSelected",800,400,800,800,NA,NA
"D07","GRSM","GRSM_054","2016-11-08T00:00:00.000Z","2016-11-08","tower","1600","FALSE",2016,"NEON.DOC.000987vE","Y","21","39","Y",NA,"Y",NA,"Y",NA,"N",NA,"N",NA,"N",NA,"N",NA,"N",NA,"N",NA,"100","noneSelected","noneSelected",800,400,800,800,NA,NA
"D07","GRSM","GRSM_062","2016-11-08T00:00:00.000Z","2016-11-08","tower","1600","FALSE",2016,"NEON.DOC.000987vE","Y","21","39","Y",NA,"Y",NA,"N",NA,"N",NA,"N",NA,"N",NA,"N",NA,"N",NA,"N",NA,"25","noneSelected","noneSelected",800,100,800,800,NA,NA
"D07","GRSM","GRSM_059","2016-11-03T00:00:00.000Z","2016-11-03","tower","1600","FALSE",2016,"NEON.DOC.000987vE","Y","21","39","Y",NA,"Y",NA,"N",NA,"N",NA,"N",NA,"N",NA,"N",NA,"N",NA,"N",NA,"25","noneSelected","noneSelected",800,100,800,800,NA,NA
"D07","GRSM","GRSM_055","2016-10-27T00:00:00.000Z","2016-10-27","tower","1600","FALSE",2016,"NEON.DOC.000987vE","Y","23","41","Y",NA,"Y",NA,"N",NA,"N",NA,"N",NA,"N",NA,"N",NA,"N",NA,"N",NA,"25","noneSelected","noneSelected",800,100,800,800,NA,NA
"D07","GRSM","GRSM_054","2016-11-08T00:00:00.000Z","2016-11-08","tower","1600","FALSE",2016,"NEON.DOC.000987vE","Y","21","39","Y",NA,"Y",NA,"Y",NA,"N",NA,"N",NA,"N",NA,"N",NA,"N",NA,"N",NA,"100","noneSelected","noneSelected",800,400,800,800,NA,NA
"D07","GRSM","GRSM_053","2016-11-02T00:00:00.000Z","2016-11-02","tower","1600","FALSE",2016,"NEON.DOC.000987vE","N","23","41",NA,NA,NA,NA,NA,NA,NA,NA,NA,NA,NA,NA,NA,NA,NA,NA,NA,NA,"100","noneSelected","noneSelected",800,400,800,800,NA,NA
"D07","GRSM","GRSM_051","2016-11-01T00:00:00.000Z","2016-11-01","tower","1600","FALSE",2016,"NEON.DOC.000987vE","Y","23","41","Y",NA,"Y",NA,"N",NA,"N",NA,"N",NA,"N",NA,"N",NA,"N",NA,"N",NA,"10","noneSelected","noneSelected",800,40,800,800,NA,NA
"D07","GRSM","GRSM_050","2016-10-31T00:00:00.000Z","2016-10-31","tower","1600","FALSE",2016,"NEON.DOC.000987vE","N","21","39",NA,NA,NA,NA,NA,NA,NA,NA,NA,NA,NA,NA,NA,NA,NA,NA,NA,NA,"100","noneSelected","noneSelected",800,400,800,800,NA,NA
"D07","GRSM","GRSM_049","2016-10-27T00:00:00.000Z","2016-10-27","tower","1600","FALSE",2016,"NEON.DOC.000987vE","Y","21","39","Y",NA,"Y",NA,"N",NA,"N",NA,"N",NA,"N",NA,"N",NA,"N",NA,"N",NA,"25","noneSelected","noneSelected",800,100,800,800,NA,NA
"D07","GRSM","GRSM_048","2016-10-26T00:00:00.000Z","2016-10-26","tower","1600","FALSE",2016,"NEON.DOC.000987vE","Y","23","41","Y",NA,"Y",NA,"Y",NA,"N",NA,"N",NA,"N",NA,"N",NA,"N",NA,"N",NA,"100","noneSelected","noneSelected",800,400,800,800,NA,NA
"D07","GRSM","GRSM_047","2016-11-01T00:00:00.000Z","2016-11-01","tower","1600","FALSE",2016,"NEON.DOC.000987vE","Y","21","39","Y",NA,"Y",NA,"N",NA,"N",NA,"N",NA,"N",NA,"N",NA,"N",NA,"N",NA,"25","noneSelected","noneSelected",800,100,800,800,NA,NA
"D07","GRSM","GRSM_052","2016-11-16T00:00:00.000Z","2016-11-16","tower","1600","FALSE",2016,"NEON.DOC.000987vE","N","21","39",NA,NA,NA,NA,NA,NA,NA,NA,NA,NA,NA,NA,NA,NA,NA,NA,NA,NA,"100","noneSelected","noneSelected",800,400,800,800,NA,NA
"D07","GRSM","GRSM_057","2016-11-14T00:00:00.000Z","2016-11-14","tower","1600","FALSE",2016,"NEON.DOC.000987vE","N","23","41",NA,NA,NA,NA,NA,NA,NA,NA,NA,NA,NA,NA,NA,NA,NA,NA,NA,NA,"100","noneSelected","noneSelected",800,400,800,800,NA,NA
"D07","GRSM","GRSM_058","2016-11-15T00:00:00.000Z","2016-11-15","tower","1600","FALSE",2016,"NEON.DOC.000987vE","Y","23","41","Y",NA,"Y",NA,"Y",NA,"N",NA,"N",NA,"N",NA,"N",NA,"N",NA,"N",NA,"100","noneSelected","noneSelected",400,400,400,400,NA,NA
"D07","GRSM","GRSM_063","2016-11-15T00:00:00.000Z","2016-11-15","tower","1600","FALSE",2016,"NEON.DOC.000987vE","N","23","39",NA,NA,NA,NA,NA,NA,NA,NA,NA,NA,NA,NA,NA,NA,NA,NA,NA,NA,"100","noneSelected","noneSelected",800,400,800,800,NA,NA
"D07","GRSM","GRSM_056","2016-11-10T00:00:00.000Z","2016-11-10","tower","1600","FALSE",2016,"NEON.DOC.000987vE","N","23","39",NA,NA,NA,NA,NA,NA,NA,NA,NA,NA,NA,NA,NA,NA,NA,NA,NA,NA,"100","noneSelected","noneSelected",800,400,800,800,NA,NA
"D07","GRSM","GRSM_064","2016-11-16T00:00:00.000Z","2016-11-16","tower","1600","FALSE",2016,"NEON.DOC.000987vE","N","23","39",NA,NA,NA,NA,NA,NA,NA,NA,NA,NA,NA,NA,NA,NA,NA,NA,NA,NA,"100","noneSelected","noneSelected",800,400,800,800,NA,NA
"D07","GRSM","GRSM_065","2016-11-15T00:00:00.000Z","2016-11-15","tower","1600","FALSE",2016,"NEON.DOC.000987vE","N","21","23",NA,NA,NA,NA,NA,NA,NA,NA,NA,NA,NA,NA,NA,NA,NA,NA,NA,NA,"25","noneSelected","noneSelected",800,100,800,800,NA,NA
"D07","GRSM","GRSM_066","2016-11-17T00:00:00.000Z","2016-11-17","tower","1600","FALSE",2016,"NEON.DOC.000987vE","N","21","39",NA,NA,NA,NA,NA,NA,NA,NA,NA,NA,NA,NA,NA,NA,NA,NA,NA,NA,"25","noneSelected","noneSelected",800,100,800,800,NA,NA
"D08","DELA","DELA_049","2016-10-10T00:00:00.000Z","2016-10-10","tower","1600","FALSE",2016,"NEON.DOC.000987vE","N","23","39",NA,NA,NA,NA,NA,NA,NA,NA,NA,NA,NA,NA,NA,NA,NA,NA,NA,NA,"noneSelected","noneSelected","noneSelected",800,800,800,0,NA,NA
"D08","DELA","DELA_052","2016-10-11T00:00:00.000Z","2016-10-11","tower","1600","FALSE",2016,"NEON.DOC.000987vE","N","23","39",NA,NA,NA,NA,NA,NA,NA,NA,NA,NA,NA,NA,NA,NA,NA,NA,NA,NA,"noneSelected","100","noneSelected",800,800,400,0,NA,NA
"D08","DELA","DELA_054","2016-10-06T00:00:00.000Z","2016-10-06","tower","1600","FALSE",2016,"NEON.DOC.000987vE","N","21","39",NA,NA,NA,NA,NA,NA,NA,NA,NA,NA,NA,NA,NA,NA,NA,NA,NA,NA,"25","noneSelected","noneSelected",800,100,800,800,NA,NA
"D08","DELA","DELA_051","2016-09-20T00:00:00.000Z","2016-09-20","tower","1600","FALSE",2016,"NEON.DOC.000987vE","Y","39","41","N",NA,"N",NA,"N",NA,"N",NA,"N",NA,"N",NA,"N",NA,"N",NA,"N",NA,"100","100","noneSelected",800,400,400,800,NA,NA
"D08","DELA","DELA_040","2016-09-19T00:00:00.000Z","2016-09-19","tower","1600","FALSE",2016,"NEON.DOC.000987vE","N","21","23",NA,NA,NA,NA,NA,NA,NA,NA,NA,NA,NA,NA,NA,NA,NA,NA,NA,NA,"noneSelected","noneSelected","noneSelected",800,800,800,0,NA,NA
"D08","DELA","DELA_041","2016-09-26T00:00:00.000Z","2016-09-26","tower","1600","FALSE",2016,"NEON.DOC.000987vE","N","21","39",NA,NA,NA,NA,NA,NA,NA,NA,NA,NA,NA,NA,NA,NA,NA,NA,NA,NA,"noneSelected","noneSelected","noneSelected",800,800,800,0,NA,NA
"D08","DELA","DELA_050","2016-10-11T00:00:00.000Z","2016-10-11","tower","1600","FALSE",2016,"NEON.DOC.000987vE","N","21","39",NA,NA,NA,NA,NA,NA,NA,NA,NA,NA,NA,NA,NA,NA,NA,NA,NA,NA,"noneSelected","100","noneSelected",800,800,400,0,NA,NA
"D08","DELA","DELA_043","2016-09-27T00:00:00.000Z","2016-09-27","tower","1600","FALSE",2016,"NEON.DOC.000987vE","N","23","39",NA,NA,NA,NA,NA,NA,NA,NA,NA,NA,NA,NA,NA,NA,NA,NA,NA,NA,"25","100","noneSelected",800,100,400,0,NA,NA
"D08","DELA","DELA_045","2016-10-03T00:00:00.000Z","2016-10-03","tower","1600","FALSE",2016,"NEON.DOC.000987vE","N","23","41",NA,NA,NA,NA,NA,NA,NA,NA,NA,NA,NA,NA,NA,NA,NA,NA,NA,NA,"25","noneSelected","noneSelected",800,100,800,0,NA,NA
"D08","DELA","DELA_056","2016-10-10T00:00:00.000Z","2016-10-10","tower","1600","FALSE",2016,"NEON.DOC.000987vE","N","39","41",NA,NA,NA,NA,NA,NA,NA,NA,NA,NA,NA,NA,NA,NA,NA,NA,NA,NA,"100","noneSelected","noneSelected",800,800,800,0,NA,NA
"D08","DELA","DELA_044","2016-09-29T00:00:00.000Z","2016-09-29","tower","1600","FALSE",2016,"NEON.DOC.000987vE","N","23","41",NA,NA,NA,NA,NA,NA,NA,NA,NA,NA,NA,NA,NA,NA,NA,NA,NA,NA,"noneSelected","100","noneSelected",800,800,400,0,NA,NA
"D08","DELA","DELA_038","2016-09-21T00:00:00.000Z","2016-09-21","tower","1600","FALSE",2016,"NEON.DOC.000987vE","N","21","39",NA,NA,NA,NA,NA,NA,NA,NA,NA,NA,NA,NA,NA,NA,NA,NA,NA,NA,"25","100","noneSelected",400,400,400,0,NA,NA
"D08","DELA","DELA_053","2016-10-10T00:00:00.000Z","2016-10-10","tower","1600","FALSE",2016,"NEON.DOC.000987vE","N","39","41",NA,NA,NA,NA,NA,NA,NA,NA,NA,NA,NA,NA,NA,NA,NA,NA,NA,NA,"noneSelected","100","noneSelected",800,800,400,0,NA,NA
"D08","DELA","DELA_055","2016-09-07T00:00:00.000Z","2016-09-07","tower","1600","FALSE",2015,"NEON.DOC.000987vE","N","39","41",NA,NA,NA,NA,NA,NA,NA,NA,NA,NA,NA,NA,NA,NA,NA,NA,NA,NA,"25","10","noneSelected",800,100,40,0,NA,NA
"D08","DELA","DELA_042","2016-09-08T00:00:00.000Z","2016-09-08","tower","1600","FALSE",2016,"NEON.DOC.000987vE","N","23","39",NA,NA,NA,NA,NA,NA,NA,NA,NA,NA,NA,NA,NA,NA,NA,NA,NA,NA,"100","10","noneSelected",800,400,40,0,NA,NA
"D08","DELA","DELA_046","2016-09-12T00:00:00.000Z","2016-09-12","tower","1600","FALSE",2015,"NEON.DOC.000987vE","N","21","39",NA,NA,NA,NA,NA,NA,NA,NA,NA,NA,NA,NA,NA,NA,NA,NA,NA,NA,"noneSelected","100","noneSelected",800,800,400,0,NA,NA
"D08","DELA","DELA_037","2016-09-22T00:00:00.000Z","2016-09-22","tower","1600","FALSE",2016,"NEON.DOC.000987vE","N","21","23",NA,NA,NA,NA,NA,NA,NA,NA,NA,NA,NA,NA,NA,NA,NA,NA,NA,NA,"noneSelected","25","noneSelected",400,400,100,0,NA,NA
"D08","DELA","DELA_039","2016-09-29T00:00:00.000Z","2016-09-29","tower","1600","FALSE",2016,"NEON.DOC.000987vE","N","23","39",NA,NA,NA,NA,NA,NA,NA,NA,NA,NA,NA,NA,NA,NA,NA,NA,NA,NA,"noneSelected","25","noneSelected",800,800,100,0,NA,NA
"D08","DELA","DELA_048","2016-10-03T00:00:00.000Z","2016-10-03","tower","1600","FALSE",2016,"NEON.DOC.000987vE","N","39","41",NA,NA,NA,NA,NA,NA,NA,NA,NA,NA,NA,NA,NA,NA,NA,NA,NA,NA,"100","100","noneSelected",800,400,400,0,NA,NA
"D08","DELA","DELA_047","2016-10-04T00:00:00.000Z","2016-10-04","tower","1600","FALSE",2016,"NEON.DOC.000987vE","N","21","39",NA,NA,NA,NA,NA,NA,NA,NA,NA,NA,NA,NA,NA,NA,NA,NA,NA,NA,"100","100","noneSelected",800,400,400,0,NA,NA
"D08","LENO","LENO_065","2016-10-27T00:00:00.000Z","2016-10-27","tower","1600","FALSE",2016,"NEON.DOC.000987vE","N","23","41",NA,NA,NA,NA,NA,NA,NA,NA,NA,NA,NA,NA,NA,NA,NA,NA,NA,NA,"noneSelected","noneSelected","noneSelected",800,40,800,0,NA,NA
"D08","LENO","LENO_061","2016-11-03T00:00:00.000Z","2016-11-03","tower","1600","FALSE",2016,"NEON.DOC.000987vE","N","21","41",NA,NA,NA,NA,NA,NA,NA,NA,NA,NA,NA,NA,NA,NA,NA,NA,NA,NA,"25","noneSelected","noneSelected",400,400,400,0,NA,NA
"D08","LENO","LENO_062","2016-11-02T00:00:00.000Z","2016-11-02","tower","1600","FALSE",2016,"NEON.DOC.000987vE","N","23","41",NA,NA,NA,NA,NA,NA,NA,NA,NA,NA,NA,NA,NA,NA,NA,NA,NA,NA,"25","noneSelected","noneSelected",400,400,400,0,NA,NA
"D08","LENO","LENO_070","2016-10-26T00:00:00.000Z","2016-10-26","tower","1600","FALSE",2016,"NEON.DOC.000987vE","N","21","41",NA,NA,NA,NA,NA,NA,NA,NA,NA,NA,NA,NA,NA,NA,NA,NA,NA,NA,"100","noneSelected","noneSelected",800,400,800,0,NA,NA
"D08","LENO","LENO_064","2016-10-31T00:00:00.000Z","2016-10-31","tower","1600","FALSE",2016,"NEON.DOC.000987vE","N","23","41",NA,NA,NA,NA,NA,NA,NA,NA,NA,NA,NA,NA,NA,NA,NA,NA,NA,NA,"25","noneSelected","noneSelected",800,100,800,0,NA,NA
"D08","LENO","LENO_069","2016-11-01T00:00:00.000Z","2016-11-01","tower","1600","FALSE",2016,"NEON.DOC.000987vE","N","21","23",NA,NA,NA,NA,NA,NA,NA,NA,NA,NA,NA,NA,NA,NA,NA,NA,NA,NA,"25","noneSelected","noneSelected",800,100,800,0,NA,NA
"D08","LENO","LENO_063","2016-11-02T00:00:00.000Z","2016-11-02","tower","1600","FALSE",2016,"NEON.DOC.000987vE","N","23","39",NA,NA,NA,NA,NA,NA,NA,NA,NA,NA,NA,NA,NA,NA,NA,NA,NA,NA,"25","noneSelected","noneSelected",400,400,400,0,NA,NA
"D08","LENO","LENO_066","2016-11-01T00:00:00.000Z","2016-11-01","tower","1600","FALSE",2016,"NEON.DOC.000987vE","N","39","41",NA,NA,NA,NA,NA,NA,NA,NA,NA,NA,NA,NA,NA,NA,NA,NA,NA,NA,"25","noneSelected","noneSelected",800,100,800,0,NA,NA
"D08","LENO","LENO_067","2016-11-01T00:00:00.000Z","2016-11-01","tower","1600","FALSE",2016,"NEON.DOC.000987vE","N","21","41",NA,NA,NA,NA,NA,NA,NA,NA,NA,NA,NA,NA,NA,NA,NA,NA,NA,NA,"25","noneSelected","noneSelected",800,100,800,0,NA,NA
"D08","LENO","LENO_068","2016-11-08T00:00:00.000Z","2016-11-08","tower","1600","FALSE",2016,"NEON.DOC.000987vE","N","39","41",NA,NA,NA,NA,NA,NA,NA,NA,NA,NA,NA,NA,NA,NA,NA,NA,NA,NA,"100","noneSelected","noneSelected",800,400,800,0,NA,NA
"D08","TALL","TALL_060","2016-11-01T00:00:00.000Z","2016-11-01","tower","1600","FALSE",2016,"NEON.DOC.000987vE","N","23","41",NA,NA,NA,NA,NA,NA,NA,NA,NA,NA,NA,NA,NA,NA,NA,NA,NA,NA,"100","noneSelected","noneSelected",800,400,800,0,NA,NA
"D08","TALL","TALL_056","2016-10-25T00:00:00.000Z","2016-10-25","tower","1600","FALSE",2016,"NEON.DOC.000987vE","N","21","41",NA,NA,NA,NA,NA,NA,NA,NA,NA,NA,NA,NA,NA,NA,NA,NA,NA,NA,"25","noneSelected","noneSelected",800,100,800,0,NA,NA
"D08","TALL","TALL_057","2016-10-25T00:00:00.000Z","2016-10-25","tower","1600","FALSE",2016,"NEON.DOC.000987vE","N","23","41",NA,NA,NA,NA,NA,NA,NA,NA,NA,NA,NA,NA,NA,NA,NA,NA,NA,NA,"25","noneSelected","noneSelected",800,100,800,0,NA,NA
"D08","TALL","TALL_042","2016-10-17T00:00:00.000Z","2016-10-17","tower","1600","FALSE",2016,"NEON.DOC.000987vE","N","23","39",NA,NA,NA,NA,NA,NA,NA,NA,NA,NA,NA,NA,NA,NA,NA,NA,NA,NA,"25","noneSelected","noneSelected",800,100,800,0,NA,NA
"D08","TALL","TALL_043","2016-10-17T00:00:00.000Z","2016-10-17","tower","1600","FALSE",2016,"NEON.DOC.000987vE","N","23","41",NA,NA,NA,NA,NA,NA,NA,NA,NA,NA,NA,NA,NA,NA,NA,NA,NA,NA,"noneSelected","10","noneSelected",800,800,40,0,NA,NA
"D08","TALL","TALL_061","2016-10-27T00:00:00.000Z","2016-10-27","tower","1600","FALSE",2016,"NEON.DOC.000987vE","N","21","39",NA,NA,NA,NA,NA,NA,NA,NA,NA,NA,NA,NA,NA,NA,NA,NA,NA,NA,"10","noneSelected","noneSelected",800,40,800,0,NA,NA
"D08","TALL","TALL_047","2016-10-20T00:00:00.000Z","2016-10-20","tower","1600","FALSE",2016,"NEON.DOC.000987vE","N","21","41",NA,NA,NA,NA,NA,NA,NA,NA,NA,NA,NA,NA,NA,NA,NA,NA,NA,NA,"100","noneSelected","noneSelected",800,400,800,0,NA,NA
"D08","TALL","TALL_058","2016-10-26T00:00:00.000Z","2016-10-26","tower","1600","FALSE",2016,"NEON.DOC.000987vE","N","21","39",NA,NA,NA,NA,NA,NA,NA,NA,NA,NA,NA,NA,NA,NA,NA,NA,NA,NA,"25","noneSelected","noneSelected",800,100,800,0,NA,NA
"D08","TALL","TALL_044","2016-10-18T00:00:00.000Z","2016-10-18","tower","1600","FALSE",2016,"NEON.DOC.000987vE","N","23","39",NA,NA,NA,NA,NA,NA,NA,NA,NA,NA,NA,NA,NA,NA,NA,NA,NA,NA,"10","noneSelected","noneSelected",400,400,400,0,NA,NA
"D08","TALL","TALL_059","2016-10-26T00:00:00.000Z","2016-10-26","tower","1600","FALSE",2015,"NEON.DOC.000987vE","N","21","41",NA,NA,NA,NA,NA,NA,NA,NA,NA,NA,NA,NA,NA,NA,NA,NA,NA,NA,"100","noneSelected","noneSelected",800,400,800,0,NA,NA
"D08","TALL","TALL_048","2016-10-20T00:00:00.000Z","2016-10-20","tower","1600","FALSE",2016,"NEON.DOC.000987vE","N","21","39",NA,NA,NA,NA,NA,NA,NA,NA,NA,NA,NA,NA,NA,NA,NA,NA,NA,NA,"10","noneSelected","noneSelected",800,40,800,0,NA,NA
"D08","TALL","TALL_050","2016-10-24T00:00:00.000Z","2016-10-24","tower","1600","FALSE",2016,"NEON.DOC.000987vE","N","21","41",NA,NA,NA,NA,NA,NA,NA,NA,NA,NA,NA,NA,NA,NA,NA,NA,NA,NA,"25","noneSelected","noneSelected",800,100,800,0,NA,NA
"D08","TALL","TALL_053","2016-10-24T00:00:00.000Z","2016-10-24","tower","1600","FALSE",2016,"NEON.DOC.000987vE","N","39","41",NA,NA,NA,NA,NA,NA,NA,NA,NA,NA,NA,NA,NA,NA,NA,NA,NA,NA,"25","noneSelected","noneSelected",800,100,800,0,NA,NA
"D08","TALL","TALL_049","2016-10-20T00:00:00.000Z","2016-10-20","tower","1600","FALSE",2016,"NEON.DOC.000987vE","N","21","41",NA,NA,NA,NA,NA,NA,NA,NA,NA,NA,NA,NA,NA,NA,NA,NA,NA,NA,"10","noneSelected","noneSelected",800,40,800,0,NA,NA
"D08","TALL","TALL_054","2016-10-24T00:00:00.000Z","2016-10-24","tower","1600","FALSE",2016,"NEON.DOC.000987vE","N","21","39",NA,NA,NA,NA,NA,NA,NA,NA,NA,NA,NA,NA,NA,NA,NA,NA,NA,NA,"10","noneSelected","noneSelected",400,400,400,0,NA,NA
"D08","TALL","TALL_051","2016-10-20T00:00:00.000Z","2016-10-20","tower","1600","FALSE",2016,"NEON.DOC.000987vE","N","21","39",NA,NA,NA,NA,NA,NA,NA,NA,NA,NA,NA,NA,NA,NA,NA,NA,NA,NA,"10","noneSelected","noneSelected",400,400,400,0,NA,NA
"D08","TALL","TALL_052","2016-10-20T00:00:00.000Z","2016-10-20","tower","1600","FALSE",2016,"NEON.DOC.000987vE","N","21","41",NA,NA,NA,NA,NA,NA,NA,NA,NA,NA,NA,NA,NA,NA,NA,NA,NA,NA,"10","noneSelected","noneSelected",800,40,800,0,NA,NA
"D08","TALL","TALL_046","2016-10-20T00:00:00.000Z","2016-10-20","tower","1600","FALSE",2016,"NEON.DOC.000987vE","N","21","23",NA,NA,NA,NA,NA,NA,NA,NA,NA,NA,NA,NA,NA,NA,NA,NA,NA,NA,"25","noneSelected","noneSelected",800,100,800,0,NA,NA
"D08","TALL","TALL_045","2016-10-18T00:00:00.000Z","2016-10-18","tower","1600","FALSE",2016,"NEON.DOC.000987vE","N","39","41",NA,NA,NA,NA,NA,NA,NA,NA,NA,NA,NA,NA,NA,NA,NA,NA,NA,NA,"10","noneSelected","noneSelected",800,40,800,0,NA,NA
"D08","TALL","TALL_055","2016-10-24T00:00:00.000Z","2016-10-24","tower","1600","FALSE",2016,"NEON.DOC.000987vE","N","39","41",NA,NA,NA,NA,NA,NA,NA,NA,NA,NA,NA,NA,NA,NA,NA,NA,NA,NA,"10","noneSelected","noneSelected",800,40,800,0,NA,NA
